<!DOCTYPE html>
<html lang="en" dir="ltr" class="client-nojs">
<head>
<meta charset="UTF-8" />
<title>Le Mesnil-Véneron - Wikipedia, the free encyclopedia</title>
<meta name="generator" content="MediaWiki 1.26wmf13" />
<link rel="alternate" href="android-app://org.wikipedia/http/en.m.wikipedia.org/wiki/Le_Mesnil-V%C3%A9neron" />
<link rel="alternate" type="application/x-wiki" title="Edit this page" href="/w/index.php?title=Le_Mesnil-V%C3%A9neron&amp;action=edit" />
<link rel="edit" title="Edit this page" href="/w/index.php?title=Le_Mesnil-V%C3%A9neron&amp;action=edit" />
<link rel="apple-touch-icon" href="/static/apple-touch/wikipedia.png" />
<link rel="shortcut icon" href="/static/favicon/wikipedia.ico" />
<link rel="search" type="application/opensearchdescription+xml" href="/w/opensearch_desc.php" title="Wikipedia (en)" />
<link rel="EditURI" type="application/rsd+xml" href="//en.wikipedia.org/w/api.php?action=rsd" />
<link rel="alternate" hreflang="x-default" href="/wiki/Le_Mesnil-V%C3%A9neron" />
<link rel="copyright" href="//creativecommons.org/licenses/by-sa/3.0/" />
<link rel="alternate" type="application/atom+xml" title="Wikipedia Atom feed" href="/w/index.php?title=Special:RecentChanges&amp;feed=atom" />
<link rel="canonical" href="https://en.wikipedia.org/wiki/Le_Mesnil-V%C3%A9neron" />
<link rel="stylesheet" href="//en.wikipedia.org/w/load.php?debug=false&amp;lang=en&amp;modules=ext.uls.nojs%7Cext.visualEditor.viewPageTarget.noscript%7Cext.wikihiero%7Cmediawiki.legacy.commonPrint%2Cshared%7Cmediawiki.sectionAnchor%7Cmediawiki.skinning.interface%7Cmediawiki.ui.button%7Cskins.vector.styles%7Cwikibase.client.init&amp;only=styles&amp;skin=vector&amp;*" />
<meta name="ResourceLoaderDynamicStyles" content="" />
<link rel="stylesheet" href="//en.wikipedia.org/w/load.php?debug=false&amp;lang=en&amp;modules=site&amp;only=styles&amp;skin=vector&amp;*" />
<style>a:lang(ar),a:lang(kk-arab),a:lang(mzn),a:lang(ps),a:lang(ur){text-decoration:none}
/* cache key: global:resourceloader:filter:minify-css:7:de1ab5287c9076b96eedd3f97a84a7b6 */</style>
<script src="//en.wikipedia.org/w/load.php?debug=false&amp;lang=en&amp;modules=startup&amp;only=scripts&amp;skin=vector&amp;*"></script>
<script>if(window.mw){
mw.config.set({"wgCanonicalNamespace":"","wgCanonicalSpecialPageName":false,"wgNamespaceNumber":0,"wgPageName":"Le_Mesnil-Véneron","wgTitle":"Le Mesnil-Véneron","wgCurRevisionId":649207855,"wgRevisionId":649207855,"wgArticleId":15860951,"wgIsArticle":true,"wgIsRedirect":false,"wgAction":"view","wgUserName":null,"wgUserGroups":["*"],"wgCategories":["Coordinates on Wikidata","Commons category template with no category set","Commons category with page title same as on Wikidata","Communes of Manche","All stub articles","Manche geography stubs"],"wgBreakFrames":false,"wgPageContentLanguage":"en","wgPageContentModel":"wikitext","wgSeparatorTransformTable":["",""],"wgDigitTransformTable":["",""],"wgDefaultDateFormat":"dmy","wgMonthNames":["","January","February","March","April","May","June","July","August","September","October","November","December"],"wgMonthNamesShort":["","Jan","Feb","Mar","Apr","May","Jun","Jul","Aug","Sep","Oct","Nov","Dec"],"wgRelevantPageName":"Le_Mesnil-Véneron","wgRelevantArticleId":15860951,"wgIsProbablyEditable":true,"wgRestrictionEdit":[],"wgRestrictionMove":[],"wgMediaViewerOnClick":true,"wgMediaViewerEnabledByDefault":true,"wikilove-recipient":"","wikilove-anon":0,"wgPoweredByHHVM":true,"wgWikiEditorEnabledModules":{"toolbar":true,"dialogs":true,"hidesig":true,"preview":false,"publish":false},"wgBetaFeaturesFeatures":[],"wgVisualEditor":{"pageLanguageCode":"en","pageLanguageDir":"ltr","usePageImages":true,"usePageDescriptions":true},"wgGatherShouldShowTutorial":true,"wgGatherPageImageThumbnail":"//upload.wikimedia.org/wikipedia/commons/thumb/d/dc/Le_Mesnil-V%C3%A9neron.jpg/100px-Le_Mesnil-V%C3%A9neron.jpg","wgULSAcceptLanguageList":[],"wgULSCurrentAutonym":"English","wgFlaggedRevsParams":{"tags":{"status":{"levels":1,"quality":2,"pristine":3}}},"wgStableRevisionId":null,"wgCategoryTreePageCategoryOptions":"{\"mode\":0,\"hideprefix\":20,\"showcount\":true,\"namespaces\":false}","wgNoticeProject":"wikipedia","wgCoordinates":{"lat":49.2272,"lon":-1.1633},"wgWikibaseItemId":"Q1103120"});
}</script><script>if(window.mw){
mw.loader.implement("user.options",function($,jQuery){mw.user.options.set({"variant":"en"});});
/* cache key: global:resourceloader:filter:minify-js:7:b2706269305541eba923c165462b22c4 */
}</script>
<script>if(window.mw){
mw.loader.implement("user.tokens",function($,jQuery){mw.user.tokens.set({"editToken":"+\\","patrolToken":"+\\","watchToken":"+\\"});});
}</script>
<script>if(window.mw){
mw.loader.load(["mediawiki.page.startup","mediawiki.legacy.wikibits","mediawiki.legacy.ajax","ext.centralauth.centralautologin","mmv.head","ext.imageMetrics.head","ext.visualEditor.viewPageTarget.init","ext.uls.init","ext.uls.interface","ext.centralNotice.bannerController","skins.vector.js"]);
}</script>
<link rel="dns-prefetch" href="//meta.wikimedia.org" />
<!--[if lt IE 7]><style type="text/css">body{behavior:url("/w/static/1.26wmf13/skins/Vector/csshover.min.htc")}</style><![endif]-->
</head>
<body class="mediawiki ltr sitedir-ltr ns-0 ns-subject page-Le_Mesnil-Véneron skin-vector action-view">
		<div id="mw-page-base" class="noprint"></div>
		<div id="mw-head-base" class="noprint"></div>
		<div id="content" class="mw-body" role="main">
			<a id="top"></a>

							<div id="siteNotice"><!-- CentralNotice --></div>
						<div class="mw-indicators">
</div>
			<h1 id="firstHeading" class="firstHeading" lang="en">Le Mesnil-Véneron</h1>
									<div id="bodyContent" class="mw-body-content">
									<div id="siteSub">From Wikipedia, the free encyclopedia</div>
								<div id="contentSub"></div>
												<div id="jump-to-nav" class="mw-jump">
					Jump to:					<a href="#mw-head">navigation</a>, 					<a href="#p-search">search</a>
				</div>
				<div id="mw-content-text" lang="en" dir="ltr" class="mw-content-ltr"><table class="infobox geography vcard" style="width:22em;width:23em">
<tr>
<th colspan="2" style="text-align:center;font-size:125%;font-weight:bold;font-size:1.25em; white-space:nowrap"><span class="fn org">Le Mesnil-Véneron</span></th>
</tr>
<tr>
<td colspan="2" style="text-align:center;padding:0.7em 0.8em"><a href="/wiki/File:Le_Mesnil-V%C3%A9neron.jpg" class="image"><img alt="Le Mesnil-Véneron.jpg" src="//upload.wikimedia.org/wikipedia/commons/thumb/d/dc/Le_Mesnil-V%C3%A9neron.jpg/270px-Le_Mesnil-V%C3%A9neron.jpg" width="270" height="180" srcset="//upload.wikimedia.org/wikipedia/commons/thumb/d/dc/Le_Mesnil-V%C3%A9neron.jpg/405px-Le_Mesnil-V%C3%A9neron.jpg 1.5x, //upload.wikimedia.org/wikipedia/commons/thumb/d/dc/Le_Mesnil-V%C3%A9neron.jpg/540px-Le_Mesnil-V%C3%A9neron.jpg 2x" data-file-width="2592" data-file-height="1728" /></a></td>
</tr>
<tr class="mergedtoprow">
<td colspan="2" style="text-align:center">
<div class="center">
<div style="width:270px;float:none;clear:both;margin-left:auto;margin-right:auto">
<div style="width:270px;padding:0">
<div style="position:relative;width:270px"><a href="/wiki/File:France_location_map-Regions_and_departements-2015.svg" class="image" title="Le Mesnil-Véneron is located in France"><img alt="Le Mesnil-Véneron is located in France" src="//upload.wikimedia.org/wikipedia/commons/thumb/9/9c/France_location_map-Regions_and_departements-2015.svg/270px-France_location_map-Regions_and_departements-2015.svg.png" width="270" height="259" srcset="//upload.wikimedia.org/wikipedia/commons/thumb/9/9c/France_location_map-Regions_and_departements-2015.svg/405px-France_location_map-Regions_and_departements-2015.svg.png 1.5x, //upload.wikimedia.org/wikipedia/commons/thumb/9/9c/France_location_map-Regions_and_departements-2015.svg/540px-France_location_map-Regions_and_departements-2015.svg.png 2x" data-file-width="2000" data-file-height="1922" /></a>
<div style="position:absolute;top:21.646%;left:29.346%">
<div style="position:absolute;left:-3px;top:-3px;line-height:0"><img alt="Le Mesnil-Véneron" src="//upload.wikimedia.org/wikipedia/en/thumb/0/0c/Red_pog.svg/6px-Red_pog.svg.png" title="Le Mesnil-Véneron" width="6" height="6" srcset="//upload.wikimedia.org/wikipedia/en/thumb/0/0c/Red_pog.svg/9px-Red_pog.svg.png 1.5x, //upload.wikimedia.org/wikipedia/en/thumb/0/0c/Red_pog.svg/12px-Red_pog.svg.png 2x" data-file-width="64" data-file-height="64" /></div>
<div style="font-size:90%;line-height:110%;position:absolute;width:6em;top:-0.75em;left:4px;text-align:left"><span style="padding:1px;float:left">Le Mesnil-Véneron</span></div>
</div>
</div>
</div>
</div>
</div>
</td>
</tr>
<tr class="mergedrow">
<td colspan="2" style="text-align:center;">
<div style="border:1px solid grey;">
<div class="NavFrame collapsed" style="border:none;">
<div class="NavHead" style="background:transparent;text-align:left; padding-right:3em;height:auto;">Location within Lower Normandy region&#160;</div>
<div class="NavContent" style="background:transparent;text-align:left;">
<div class="center">
<div style="width:270px;float:none;clear:both;margin-left:auto;margin-right:auto">
<div style="width:270px;padding:0">
<div style="position:relative;width:270px"><a href="/wiki/File:Basse-Normandie_region_location_map.svg" class="image" title="Le Mesnil-Véneron is located in Lower Normandy"><img alt="Le Mesnil-Véneron is located in Lower Normandy" src="//upload.wikimedia.org/wikipedia/commons/thumb/c/c2/Basse-Normandie_region_location_map.svg/270px-Basse-Normandie_region_location_map.svg.png" width="270" height="219" srcset="//upload.wikimedia.org/wikipedia/commons/thumb/c/c2/Basse-Normandie_region_location_map.svg/405px-Basse-Normandie_region_location_map.svg.png 1.5x, //upload.wikimedia.org/wikipedia/commons/thumb/c/c2/Basse-Normandie_region_location_map.svg/540px-Basse-Normandie_region_location_map.svg.png 2x" data-file-width="1414" data-file-height="1146" /></a>
<div style="position:absolute;top:33.2%;left:27.797%">
<div style="position:absolute;left:-3px;top:-3px;line-height:0"><img alt="Le Mesnil-Véneron" src="//upload.wikimedia.org/wikipedia/en/thumb/0/0c/Red_pog.svg/6px-Red_pog.svg.png" title="Le Mesnil-Véneron" width="6" height="6" srcset="//upload.wikimedia.org/wikipedia/en/thumb/0/0c/Red_pog.svg/9px-Red_pog.svg.png 1.5x, //upload.wikimedia.org/wikipedia/en/thumb/0/0c/Red_pog.svg/12px-Red_pog.svg.png 2x" data-file-width="64" data-file-height="64" /></div>
<div style="font-size:90%;line-height:110%;position:absolute;width:6em;top:-0.75em;left:4px;text-align:left"><span style="padding:1px;float:left">Le Mesnil-Véneron</span></div>
</div>
</div>
</div>
</div>
</div>
</div>
</div>
</div>
</td>
</tr>
<tr class="mergedbottomrow">
<td colspan="2" style="text-align:center">Coordinates: <span style="white-space:nowrap"><span class="plainlinks nourlexpansion"><a class="external text" href="//tools.wmflabs.org/geohack/geohack.php?pagename=Le_Mesnil-V%C3%A9neron&amp;params=49.2272_N_-1.1633_E_type:city(82)_region:FR"><span class="geo-default"><span class="geo-dms" title="Maps, aerial photos, and other data for this location"><span class="latitude">49°13′38″N</span> <span class="longitude">1°09′48″W</span></span></span><span class="geo-multi-punct">﻿ / ﻿</span><span class="geo-nondefault"><span class="geo-dec" title="Maps, aerial photos, and other data for this location">49.2272°N 1.1633°W</span><span style="display:none">﻿ / <span class="geo">49.2272; -1.1633</span></span></span></a></span><span style="font-size: small;"><span id="coordinates"><a href="/wiki/Geographic_coordinate_system" title="Geographic coordinate system">Coordinates</a>: <span class="plainlinks nourlexpansion"><a class="external text" href="//tools.wmflabs.org/geohack/geohack.php?pagename=Le_Mesnil-V%C3%A9neron&amp;params=49.2272_N_-1.1633_E_type:city(82)_region:FR"><span class="geo-default"><span class="geo-dms" title="Maps, aerial photos, and other data for this location"><span class="latitude">49°13′38″N</span> <span class="longitude">1°09′48″W</span></span></span><span class="geo-multi-punct">﻿ / ﻿</span><span class="geo-nondefault"><span class="geo-dec" title="Maps, aerial photos, and other data for this location">49.2272°N 1.1633°W</span><span style="display:none">﻿ / <span class="geo">49.2272; -1.1633</span></span></span></a></span></span></span></span></td>
</tr>
<tr class="mergedtoprow">
<th scope="row">Country</th>
<td><a href="/wiki/France" title="France">France</a></td>
</tr>
<tr class="mergedrow">
<th scope="row"><a href="/wiki/Regions_of_France" title="Regions of France">Region</a></th>
<td><a href="/wiki/Lower_Normandy" title="Lower Normandy">Lower Normandy</a></td>
</tr>
<tr class="mergedrow">
<th scope="row"><a href="/wiki/Departments_of_France" title="Departments of France">Department</a></th>
<td><a href="/wiki/Manche" title="Manche">Manche</a></td>
</tr>
<tr class="mergedrow">
<th scope="row"><a href="/wiki/Arrondissements_of_France" title="Arrondissements of France">Arrondissement</a></th>
<td><a href="/wiki/Arrondissement_of_Saint-L%C3%B4" title="Arrondissement of Saint-Lô">Saint-Lô</a></td>
</tr>
<tr class="mergedrow">
<th scope="row"><a href="/wiki/Cantons_of_France" title="Cantons of France">Canton</a></th>
<td><a href="/w/index.php?title=Canton_of_Saint-Jean-de-Daye&amp;action=edit&amp;redlink=1" class="new" title="Canton of Saint-Jean-de-Daye (page does not exist)">Saint-Jean-de-Daye</a></td>
</tr>
<tr class="mergedrow">
<th scope="row"><a href="/wiki/Communes_of_France#Intercommunality" title="Communes of France">Intercommunality</a></th>
<td><a href="/w/index.php?title=Communaut%C3%A9_de_communes_de_la_r%C3%A9gion_de_Daye&amp;action=edit&amp;redlink=1" class="new" title="Communauté de communes de la région de Daye (page does not exist)">Communauté de communes de la région de Daye</a></td>
</tr>
<tr class="mergedtoprow">
<th colspan="2" style="text-align:center;text-align:left">Government</th>
</tr>
<tr class="mergedrow">
<th scope="row">&#160;•&#160;Mayor <span style="font-weight:normal;">(2008–2014)</span></th>
<td>Jean-Marie Depezeville</td>
</tr>
<tr class="mergedtoprow">
<th scope="row">Area<span style="font-weight:normal"><sup><small><b>1</b></small></sup></span></th>
<td>2.86&#160;km<sup>2</sup> (1.10&#160;sq&#160;mi)</td>
</tr>
<tr class="mergedtoprow">
<th scope="row">Population <span style="font-weight:normal">(2006)<sup><small><b>2</b></small></sup></span></th>
<td>82</td>
</tr>
<tr class="mergedrow">
<th scope="row">&#160;•&#160;Density</th>
<td>29/km<sup>2</sup> (74/sq&#160;mi)</td>
</tr>
<tr class="mergedtoprow">
<th scope="row"><a href="/wiki/INSEE_code" title="INSEE code">INSEE</a>/Postal code</th>
<td class="adr"><span class="postal-code"><a rel="nofollow" class="external text" href="http://www.insee.fr/fr/themes/tableau_local.asp?ref_id=POP&amp;millesime=2010&amp;nivgeo=COM&amp;codgeo=50324">50324</a> /&#160;50620</span></td>
</tr>
<tr class="mergedtoprow">
<th scope="row">Elevation</th>
<td>9–44&#160;m (30–144&#160;ft)<br />
(avg. 36&#160;m or 118&#160;ft)</td>
</tr>
<tr>
<td colspan="2" style="text-align:center;text-align:left; font-size:smaller">
<p><sup><b>1</b></sup> French Land Register data, which excludes lakes, ponds, glaciers &gt; 1 km² (0.386 sq&#160;mi or 247 acres) and river estuaries.</p>
<sup><b>2</b></sup> <i><a href="/wiki/Population_without_double_counting" title="Population without double counting">Population without double counting</a></i>: residents of multiple communes (e.g., students and military personnel) only counted once.</td>
</tr>
</table>
<p><b>Le Mesnil-Véneron</b> is a <a href="/wiki/Communes_of_France" title="Communes of France">commune</a> in the <a href="/wiki/Manche" title="Manche">Manche</a> <a href="/wiki/Departments_of_France" title="Departments of France">department</a> in <a href="/wiki/Normandy" title="Normandy">Normandy</a> in north-western <a href="/wiki/France" title="France">France</a>.</p>
<h2><span class="mw-headline" id="See_also">See also</span><span class="mw-editsection"><span class="mw-editsection-bracket">[</span><a href="/w/index.php?title=Le_Mesnil-V%C3%A9neron&amp;action=edit&amp;section=1" title="Edit section: See also">edit</a><span class="mw-editsection-bracket">]</span></span></h2>
<ul>
<li><a href="/wiki/Communes_of_the_Manche_department" title="Communes of the Manche department">Communes of the Manche department</a></li>
</ul>
<table class="mbox-small plainlinks sistersitebox" style="border:1px solid #aaa;background-color:#f9f9f9">
<tr>
<td class="mbox-image"><img alt="" src="//upload.wikimedia.org/wikipedia/en/thumb/4/4a/Commons-logo.svg/30px-Commons-logo.svg.png" width="30" height="40" srcset="//upload.wikimedia.org/wikipedia/en/thumb/4/4a/Commons-logo.svg/45px-Commons-logo.svg.png 1.5x, //upload.wikimedia.org/wikipedia/en/thumb/4/4a/Commons-logo.svg/59px-Commons-logo.svg.png 2x" data-file-width="1024" data-file-height="1376" /></td>
<td class="mbox-text plainlist">Wikimedia Commons has media related to <i><b><a href="//commons.wikimedia.org/wiki/Category:Le_Mesnil-V%C3%A9neron" class="extiw" title="commons:Category:Le Mesnil-Véneron">Le Mesnil-Véneron</a></b></i>.</td>
</tr>
</table>
<table class="navbox" style="border-spacing:0">
<tr>
<td style="padding:2px">
<table class="nowraplinks collapsible collapsed navbox-inner" style="border-spacing:0;background:transparent;color:inherit">
<tr>
<th scope="col" class="navbox-title" colspan="2">
<div class="plainlinks hlist navbar mini">
<ul>
<li class="nv-view"><a href="/wiki/Template:Manche_communes" title="Template:Manche communes"><span title="View this template" style=";;background:none transparent;border:none;">v</span></a></li>
<li class="nv-talk"><a href="/wiki/Template_talk:Manche_communes" title="Template talk:Manche communes"><span title="Discuss this template" style=";;background:none transparent;border:none;">t</span></a></li>
<li class="nv-edit"><a class="external text" href="//en.wikipedia.org/w/index.php?title=Template:Manche_communes&amp;action=edit"><span title="Edit this template" style=";;background:none transparent;border:none;">e</span></a></li>
</ul>
</div>
<div style="font-size:110%"><a href="/wiki/Communes_of_the_Manche_department" title="Communes of the Manche department">Communes</a> of <a href="/wiki/Manche" title="Manche">Manche</a> <a href="/wiki/File:Flag_of_France.svg" class="image"><img alt="Flag of France.svg" src="//upload.wikimedia.org/wikipedia/en/thumb/c/c3/Flag_of_France.svg/17px-Flag_of_France.svg.png" width="17" height="11" srcset="//upload.wikimedia.org/wikipedia/en/thumb/c/c3/Flag_of_France.svg/26px-Flag_of_France.svg.png 1.5x, //upload.wikimedia.org/wikipedia/en/thumb/c/c3/Flag_of_France.svg/34px-Flag_of_France.svg.png 2x" data-file-width="900" data-file-height="600" /></a></div>
</th>
</tr>
<tr style="height:2px">
<td colspan="2"></td>
</tr>
<tr>
<td colspan="2" class="navbox-list navbox-odd hlist" style="width:100%;padding:0px">
<div style="padding:0em 0.25em">
<ul>
<li><a href="/wiki/Acqueville,_Manche" title="Acqueville, Manche">Acqueville</a></li>
<li><a href="/wiki/Agneaux" title="Agneaux">Agneaux</a></li>
<li><a href="/wiki/Agon-Coutainville" title="Agon-Coutainville">Agon-Coutainville</a></li>
<li><a href="/wiki/Airel" title="Airel">Airel</a></li>
<li><a href="/wiki/Amfreville,_Manche" title="Amfreville, Manche">Amfreville</a></li>
<li><a href="/wiki/Amigny" title="Amigny">Amigny</a></li>
<li><a href="/wiki/Ancteville" title="Ancteville">Ancteville</a></li>
<li><a href="/wiki/Anctoville-sur-Boscq" title="Anctoville-sur-Boscq">Anctoville-sur-Boscq</a></li>
<li><a href="/wiki/Angey" title="Angey">Angey</a></li>
<li><a href="/wiki/Angoville-au-Plain" title="Angoville-au-Plain">Angoville-au-Plain</a></li>
<li><a href="/wiki/Angoville-sur-Ay" title="Angoville-sur-Ay">Angoville-sur-Ay</a></li>
<li><a href="/wiki/Anneville-en-Saire" title="Anneville-en-Saire">Anneville-en-Saire</a></li>
<li><a href="/wiki/Anneville-sur-Mer" title="Anneville-sur-Mer">Anneville-sur-Mer</a></li>
<li><a href="/wiki/Annoville" title="Annoville">Annoville</a></li>
<li><a href="/wiki/Appeville" title="Appeville">Appeville</a></li>
<li><a href="/wiki/Argouges" title="Argouges">Argouges</a></li>
<li><a href="/wiki/Aucey-la-Plaine" title="Aucey-la-Plaine">Aucey-la-Plaine</a></li>
<li><a href="/wiki/Auderville" title="Auderville">Auderville</a></li>
<li><a href="/wiki/Audouville-la-Hubert" title="Audouville-la-Hubert">Audouville-la-Hubert</a></li>
<li><a href="/wiki/Aumeville-Lestre" title="Aumeville-Lestre">Aumeville-Lestre</a></li>
<li><a href="/wiki/Auvers,_Manche" title="Auvers, Manche">Auvers</a></li>
<li><a href="/wiki/Auxais" title="Auxais">Auxais</a></li>
<li><a href="/wiki/Avranches" title="Avranches">Avranches</a></li>
<li><a href="/wiki/Azeville" title="Azeville">Azeville</a></li>
<li><a href="/wiki/Bacilly" title="Bacilly">Bacilly</a></li>
<li><a href="/wiki/La_Baleine" title="La Baleine">La Baleine</a></li>
<li><a href="/wiki/Barenton" title="Barenton">Barenton</a></li>
<li><a href="/wiki/Barfleur" title="Barfleur">Barfleur</a></li>
<li><a href="/wiki/Barneville-Carteret" title="Barneville-Carteret">Barneville-Carteret</a></li>
<li><a href="/wiki/La_Barre-de-Semilly" title="La Barre-de-Semilly">La Barre-de-Semilly</a></li>
<li><a href="/wiki/Baubigny,_Manche" title="Baubigny, Manche">Baubigny</a></li>
<li><a href="/wiki/Baudre" title="Baudre">Baudre</a></li>
<li><a href="/wiki/Baudreville,_Manche" title="Baudreville, Manche">Baudreville</a></li>
<li><a href="/wiki/Baupte" title="Baupte">Baupte</a></li>
<li><a href="/wiki/La_Bazoge,_Manche" title="La Bazoge, Manche">La Bazoge</a></li>
<li><a href="/wiki/Beauchamps,_Manche" title="Beauchamps, Manche">Beauchamps</a></li>
<li><a href="/wiki/Beaucoudray" title="Beaucoudray">Beaucoudray</a></li>
<li><a href="/wiki/Beauficel" title="Beauficel">Beauficel</a></li>
<li><a href="/wiki/Beaumont-Hague" title="Beaumont-Hague">Beaumont-Hague</a></li>
<li><a href="/wiki/Beauvoir,_Manche" title="Beauvoir, Manche">Beauvoir</a></li>
<li><a href="/wiki/Bellefontaine,_Manche" title="Bellefontaine, Manche">Bellefontaine</a></li>
<li><a href="/wiki/Belval,_Manche" title="Belval, Manche">Belval</a></li>
<li><a href="/wiki/Beno%C3%AEtville" title="Benoîtville">Benoîtville</a></li>
<li><a href="/wiki/B%C3%A9rigny" title="Bérigny">Bérigny</a></li>
<li><a href="/wiki/Beslon" title="Beslon">Beslon</a></li>
<li><a href="/wiki/Besneville" title="Besneville">Besneville</a></li>
<li><a href="/wiki/Beuvrigny" title="Beuvrigny">Beuvrigny</a></li>
<li><a href="/wiki/Beuzeville-au-Plain" title="Beuzeville-au-Plain">Beuzeville-au-Plain</a></li>
<li><a href="/wiki/Beuzeville-la-Bastille" title="Beuzeville-la-Bastille">Beuzeville-la-Bastille</a></li>
<li><a href="/wiki/Bi%C3%A9ville,_Manche" title="Biéville, Manche">Biéville</a></li>
<li><a href="/wiki/Biniville" title="Biniville">Biniville</a></li>
<li><a href="/wiki/Bion,_Manche" title="Bion, Manche">Bion</a></li>
<li><a href="/wiki/Biville" title="Biville">Biville</a></li>
<li><a href="/wiki/Blainville-sur-Mer" title="Blainville-sur-Mer">Blainville-sur-Mer</a></li>
<li><a href="/wiki/Blosville" title="Blosville">Blosville</a></li>
<li><a href="/wiki/La_Blouti%C3%A8re" title="La Bloutière">La Bloutière</a></li>
<li><a href="/wiki/Boisroger" title="Boisroger">Boisroger</a></li>
<li><a href="/wiki/Boisyvon" title="Boisyvon">Boisyvon</a></li>
<li><a href="/wiki/Bolleville,_Manche" title="Bolleville, Manche">Bolleville</a></li>
<li><a href="/wiki/La_Bonneville" title="La Bonneville">La Bonneville</a></li>
<li><a href="/wiki/Bourguenolles" title="Bourguenolles">Bourguenolles</a></li>
<li><a href="/wiki/Boutteville" title="Boutteville">Boutteville</a></li>
<li><a href="/wiki/Braffais" title="Braffais">Braffais</a></li>
<li><a href="/wiki/Brainville,_Manche" title="Brainville, Manche">Brainville</a></li>
<li><a href="/wiki/Branville-Hague" title="Branville-Hague">Branville-Hague</a></li>
<li><a href="/wiki/Br%C3%A9cey" title="Brécey">Brécey</a></li>
<li><a href="/wiki/Brectouville" title="Brectouville">Brectouville</a></li>
<li><a href="/wiki/Br%C3%A9hal" title="Bréhal">Bréhal</a></li>
<li><a href="/wiki/Bretteville,_Manche" title="Bretteville, Manche">Bretteville</a></li>
<li><a href="/wiki/Bretteville-sur-Ay" title="Bretteville-sur-Ay">Bretteville-sur-Ay</a></li>
<li><a href="/wiki/Breuville" title="Breuville">Breuville</a></li>
<li><a href="/wiki/Br%C3%A9vands" title="Brévands">Brévands</a></li>
<li><a href="/wiki/Br%C3%A9ville-sur-Mer" title="Bréville-sur-Mer">Bréville-sur-Mer</a></li>
<li><a href="/wiki/Bricquebec" title="Bricquebec">Bricquebec</a></li>
<li><a href="/wiki/Bricquebosq" title="Bricquebosq">Bricquebosq</a></li>
<li><a href="/wiki/Bricqueville-la-Blouette" title="Bricqueville-la-Blouette">Bricqueville-la-Blouette</a></li>
<li><a href="/wiki/Bricqueville-sur-Mer" title="Bricqueville-sur-Mer">Bricqueville-sur-Mer</a></li>
<li><a href="/wiki/Brillevast" title="Brillevast">Brillevast</a></li>
<li><a href="/wiki/Brix,_Manche" title="Brix, Manche">Brix</a></li>
<li><a href="/wiki/Brouains" title="Brouains">Brouains</a></li>
<li><a href="/wiki/Brucheville" title="Brucheville">Brucheville</a></li>
<li><a href="/wiki/Buais" title="Buais">Buais</a></li>
<li><a href="/wiki/Cambernon" title="Cambernon">Cambernon</a></li>
<li><a href="/wiki/Cametours" title="Cametours">Cametours</a></li>
<li><a href="/wiki/Camprond" title="Camprond">Camprond</a></li>
<li><a href="/wiki/Canisy" title="Canisy">Canisy</a></li>
<li><a href="/wiki/Canteloup,_Manche" title="Canteloup, Manche">Canteloup</a></li>
<li><a href="/wiki/Canville-la-Rocque" title="Canville-la-Rocque">Canville-la-Rocque</a></li>
<li><a href="/wiki/Carantilly" title="Carantilly">Carantilly</a></li>
<li><a href="/wiki/Carentan" title="Carentan">Carentan</a></li>
<li><a href="/wiki/Carnet,_Manche" title="Carnet, Manche">Carnet</a></li>
<li><a href="/wiki/Carneville" title="Carneville">Carneville</a></li>
<li><a href="/wiki/Carolles" title="Carolles">Carolles</a></li>
<li><a href="/wiki/Carquebut" title="Carquebut">Carquebut</a></li>
<li><a href="/wiki/Catteville" title="Catteville">Catteville</a></li>
<li><a href="/wiki/Catz" title="Catz">Catz</a></li>
<li><a href="/wiki/Cavigny" title="Cavigny">Cavigny</a></li>
<li><a href="/wiki/C%C3%A9aux" title="Céaux">Céaux</a></li>
<li><a href="/wiki/C%C3%A9rences" title="Cérences">Cérences</a></li>
<li><a href="/wiki/Cerisy-la-For%C3%AAt" title="Cerisy-la-Forêt">Cerisy-la-Forêt</a></li>
<li><a href="/wiki/Cerisy-la-Salle" title="Cerisy-la-Salle">Cerisy-la-Salle</a></li>
<li><a href="/wiki/La_Chaise-Baudouin" title="La Chaise-Baudouin">La Chaise-Baudouin</a></li>
<li><a href="/wiki/Les_Chambres" title="Les Chambres">Les Chambres</a></li>
<li><a href="/wiki/Champcervon" title="Champcervon">Champcervon</a></li>
<li><a href="/wiki/Champcey" title="Champcey">Champcey</a></li>
<li><a href="/wiki/Champeaux,_Manche" title="Champeaux, Manche">Champeaux</a></li>
<li><a href="/wiki/Champrepus" title="Champrepus">Champrepus</a></li>
<li><a href="/wiki/Les_Champs-de-Losque" title="Les Champs-de-Losque">Les Champs-de-Losque</a></li>
<li><a href="/wiki/Chanteloup,_Manche" title="Chanteloup, Manche">Chanteloup</a></li>
<li><a href="/wiki/La_Chapelle-C%C3%A9celin" title="La Chapelle-Cécelin">La Chapelle-Cécelin</a></li>
<li><a href="/wiki/La_Chapelle-en-Juger" title="La Chapelle-en-Juger">La Chapelle-en-Juger</a></li>
<li><a href="/wiki/La_Chapelle-Ur%C3%A9e" title="La Chapelle-Urée">La Chapelle-Urée</a></li>
<li><a href="/wiki/Chasseguey" title="Chasseguey">Chasseguey</a></li>
<li><a href="/wiki/Chaulieu" title="Chaulieu">Chaulieu</a></li>
<li><a href="/wiki/Chavoy" title="Chavoy">Chavoy</a></li>
<li><a href="/wiki/Chef-du-Pont" title="Chef-du-Pont">Chef-du-Pont</a></li>
<li><a href="/wiki/Le_Chefresne" title="Le Chefresne">Le Chefresne</a></li>
<li><a href="/wiki/Cherbourg-Octeville" title="Cherbourg-Octeville">Cherbourg-Octeville</a></li>
<li><a href="/wiki/Ch%C3%A9renc%C3%A9-le-H%C3%A9ron" title="Chérencé-le-Héron">Chérencé-le-Héron</a></li>
<li><a href="/wiki/Ch%C3%A9renc%C3%A9-le-Roussel" title="Chérencé-le-Roussel">Chérencé-le-Roussel</a></li>
<li><a href="/wiki/Les_Ch%C3%A9ris" title="Les Chéris">Les Chéris</a></li>
<li><a href="/wiki/Ch%C3%A8vreville,_Manche" title="Chèvreville, Manche">Chèvreville</a></li>
<li><a href="/wiki/Chevry,_Manche" title="Chevry, Manche">Chevry</a></li>
<li><a href="/wiki/Clitourps" title="Clitourps">Clitourps</a></li>
<li><a href="/wiki/Coigny" title="Coigny">Coigny</a></li>
<li><a href="/wiki/La_Colombe,_Manche" title="La Colombe, Manche">La Colombe</a></li>
<li><a href="/wiki/Colomby" title="Colomby">Colomby</a></li>
<li><a href="/wiki/Cond%C3%A9-sur-Vire" title="Condé-sur-Vire">Condé-sur-Vire</a></li>
<li><a href="/wiki/Contri%C3%A8res" title="Contrières">Contrières</a></li>
<li><a href="/wiki/Cosqueville" title="Cosqueville">Cosqueville</a></li>
<li><a href="/wiki/Coudeville-sur-Mer" title="Coudeville-sur-Mer">Coudeville-sur-Mer</a></li>
<li><a href="/wiki/Coulouvray-Boisben%C3%A2tre" title="Coulouvray-Boisbenâtre">Coulouvray-Boisbenâtre</a></li>
<li><a href="/wiki/Courcy,_Manche" title="Courcy, Manche">Courcy</a></li>
<li><a href="/wiki/Courtils" title="Courtils">Courtils</a></li>
<li><a href="/wiki/Coutances" title="Coutances">Coutances</a></li>
<li><a href="/wiki/Couvains,_Manche" title="Couvains, Manche">Couvains</a></li>
<li><a href="/wiki/Couville" title="Couville">Couville</a></li>
<li><a href="/wiki/Crasville,_Manche" title="Crasville, Manche">Crasville</a></li>
<li><a href="/wiki/Cr%C3%A9ances" title="Créances">Créances</a></li>
<li><a href="/wiki/Les_Cresnays" title="Les Cresnays">Les Cresnays</a></li>
<li><a href="/wiki/Cretteville" title="Cretteville">Cretteville</a></li>
<li><a href="/wiki/La_Croix-Avranchin" title="La Croix-Avranchin">La Croix-Avranchin</a></li>
<li><a href="/wiki/Crollon" title="Crollon">Crollon</a></li>
<li><a href="/wiki/Crosville-sur-Douve" title="Crosville-sur-Douve">Crosville-sur-Douve</a></li>
<li><a href="/wiki/Cuves,_Manche" title="Cuves, Manche">Cuves</a></li>
<li><a href="/wiki/Dangy" title="Dangy">Dangy</a></li>
<li><a href="/wiki/Denneville" title="Denneville">Denneville</a></li>
<li><a href="/wiki/Le_D%C3%A9zert" title="Le Dézert">Le Dézert</a></li>
<li><a href="/wiki/Digosville" title="Digosville">Digosville</a></li>
<li><a href="/wiki/Digulleville" title="Digulleville">Digulleville</a></li>
<li><a href="/wiki/Domjean" title="Domjean">Domjean</a></li>
<li><a href="/wiki/Donville-les-Bains" title="Donville-les-Bains">Donville-les-Bains</a></li>
<li><a href="/wiki/Doville" title="Doville">Doville</a></li>
<li><a href="/wiki/Dragey-Ronthon" title="Dragey-Ronthon">Dragey-Ronthon</a></li>
<li><a href="/wiki/Ducey" title="Ducey">Ducey</a></li>
<li><a href="/wiki/%C3%89causseville" title="Écausseville">Écausseville</a></li>
<li><a href="/wiki/%C3%89coquen%C3%A9auville" title="Écoquenéauville">Écoquenéauville</a></li>
<li><a href="/wiki/%C3%89culleville" title="Éculleville">Éculleville</a></li>
<li><a href="/wiki/%C3%89mondeville" title="Émondeville">Émondeville</a></li>
<li><a href="/wiki/%C3%89queurdreville-Hainneville" title="Équeurdreville-Hainneville">Équeurdreville-Hainneville</a></li>
<li><a href="/wiki/%C3%89quilly" title="Équilly">Équilly</a></li>
<li><a href="/wiki/%C3%89roudeville" title="Éroudeville">Éroudeville</a></li>
<li><a href="/wiki/L%27%C3%89tang-Bertrand" title="L'Étang-Bertrand">L'Étang-Bertrand</a></li>
<li><a href="/wiki/%C3%89tienville" title="Étienville">Étienville</a></li>
<li><a href="/wiki/La_Feuillie,_Manche" title="La Feuillie, Manche">La Feuillie</a></li>
<li><a href="/wiki/Fermanville" title="Fermanville">Fermanville</a></li>
<li><a href="/wiki/Ferri%C3%A8res,_Manche" title="Ferrières, Manche">Ferrières</a></li>
<li><a href="/wiki/Fervaches" title="Fervaches">Fervaches</a></li>
<li><a href="/wiki/Feug%C3%A8res" title="Feugères">Feugères</a></li>
<li><a href="/wiki/Fierville-les-Mines" title="Fierville-les-Mines">Fierville-les-Mines</a></li>
<li><a href="/wiki/Flamanville,_Manche" title="Flamanville, Manche">Flamanville</a></li>
<li><a href="/wiki/Fleury,_Manche" title="Fleury, Manche">Fleury</a></li>
<li><a href="/wiki/Flottemanville" title="Flottemanville">Flottemanville</a></li>
<li><a href="/wiki/Flottemanville-Hague" title="Flottemanville-Hague">Flottemanville-Hague</a></li>
<li><a href="/wiki/Folligny" title="Folligny">Folligny</a></li>
<li><a href="/wiki/Fontenay,_Manche" title="Fontenay, Manche">Fontenay</a></li>
<li><a href="/wiki/Fontenay-sur-Mer" title="Fontenay-sur-Mer">Fontenay-sur-Mer</a></li>
<li><a href="/wiki/Foucarville" title="Foucarville">Foucarville</a></li>
<li><a href="/wiki/Fourneaux,_Manche" title="Fourneaux, Manche">Fourneaux</a></li>
<li><a href="/wiki/Le_Fresne-Poret" title="Le Fresne-Poret">Le Fresne-Poret</a></li>
<li><a href="/wiki/Fresville" title="Fresville">Fresville</a></li>
<li><a href="/wiki/Gathemo" title="Gathemo">Gathemo</a></li>
<li><a href="/wiki/Gatteville-le-Phare" title="Gatteville-le-Phare">Gatteville-le-Phare</a></li>
<li><a href="/wiki/Gavray" title="Gavray">Gavray</a></li>
<li><a href="/wiki/Geffosses" title="Geffosses">Geffosses</a></li>
<li><a href="/wiki/Gen%C3%AAts" title="Genêts">Genêts</a></li>
<li><a href="/wiki/Ger,_Manche" title="Ger, Manche">Ger</a></li>
<li><a href="/wiki/Gi%C3%A9ville" title="Giéville">Giéville</a></li>
<li><a href="/wiki/La_Glacerie" title="La Glacerie">La Glacerie</a></li>
<li><a href="/wiki/Glatigny,_Manche" title="Glatigny, Manche">Glatigny</a></li>
<li><a href="/wiki/La_Godefroy" title="La Godefroy">La Godefroy</a></li>
<li><a href="/wiki/La_Gohanni%C3%A8re" title="La Gohannière">La Gohannière</a></li>
<li><a href="/wiki/Golleville" title="Golleville">Golleville</a></li>
<li><a href="/wiki/Gonfreville" title="Gonfreville">Gonfreville</a></li>
<li><a href="/wiki/Gonneville,_Manche" title="Gonneville, Manche">Gonneville</a></li>
<li><a href="/wiki/Gorges,_Manche" title="Gorges, Manche">Gorges</a></li>
<li><a href="/wiki/Gouberville" title="Gouberville">Gouberville</a></li>
<li><a href="/wiki/Gourbesville" title="Gourbesville">Gourbesville</a></li>
<li><a href="/wiki/Gourfaleur" title="Gourfaleur">Gourfaleur</a></li>
<li><a href="/wiki/Gouvets" title="Gouvets">Gouvets</a></li>
<li><a href="/wiki/Gouville-sur-Mer" title="Gouville-sur-Mer">Gouville-sur-Mer</a></li>
<li><a href="/wiki/Graignes-Mesnil-Angot" title="Graignes-Mesnil-Angot">Graignes-Mesnil-Angot</a></li>
<li><a href="/wiki/Le_Grand-Celland" title="Le Grand-Celland">Le Grand-Celland</a></li>
<li><a href="/wiki/Granville,_Manche" title="Granville, Manche">Granville</a></li>
<li><a href="/wiki/Gratot" title="Gratot">Gratot</a></li>
<li><a href="/wiki/Gr%C3%A9ville-Hague" title="Gréville-Hague">Gréville-Hague</a></li>
<li><a href="/wiki/Grimesnil" title="Grimesnil">Grimesnil</a></li>
<li><a href="/wiki/Grosville" title="Grosville">Grosville</a></li>
<li><a href="/wiki/Gu%C3%A9h%C3%A9bert" title="Guéhébert">Guéhébert</a></li>
<li><a href="/wiki/Guilberville" title="Guilberville">Guilberville</a></li>
<li><a href="/wiki/Le_Guislain" title="Le Guislain">Le Guislain</a></li>
<li><a href="/wiki/Le_Ham,_Manche" title="Le Ham, Manche">Le Ham</a></li>
<li><a href="/wiki/Hambye" title="Hambye">Hambye</a></li>
<li><a href="/wiki/Hamelin,_Manche" title="Hamelin, Manche">Hamelin</a></li>
<li><a href="/wiki/Hardinvast" title="Hardinvast">Hardinvast</a></li>
<li><a href="/wiki/Hauteville-la-Guichard" title="Hauteville-la-Guichard">Hauteville-la-Guichard</a></li>
<li><a href="/wiki/Hauteville-sur-Mer" title="Hauteville-sur-Mer">Hauteville-sur-Mer</a></li>
<li><a href="/wiki/Hautteville-Bocage" title="Hautteville-Bocage">Hautteville-Bocage</a></li>
<li><a href="/wiki/La_Haye-Bellefond" title="La Haye-Bellefond">La Haye-Bellefond</a></li>
<li><a href="/wiki/La_Haye-d%27Ectot" title="La Haye-d'Ectot">La Haye-d'Ectot</a></li>
<li><a href="/wiki/La_Haye-du-Puits" title="La Haye-du-Puits">La Haye-du-Puits</a></li>
<li><a href="/wiki/La_Haye-Pesnel" title="La Haye-Pesnel">La Haye-Pesnel</a></li>
<li><a href="/wiki/H%C3%A9auville" title="Héauville">Héauville</a></li>
<li><a href="/wiki/H%C3%A9b%C3%A9crevon" title="Hébécrevon">Hébécrevon</a></li>
<li><a href="/wiki/Helleville" title="Helleville">Helleville</a></li>
<li><a href="/wiki/H%C3%A9mevez" title="Hémevez">Hémevez</a></li>
<li><a href="/wiki/H%C3%A9renguerville" title="Hérenguerville">Hérenguerville</a></li>
<li><a href="/wiki/Herqueville,_Manche" title="Herqueville, Manche">Herqueville</a></li>
<li><a href="/wiki/Heugueville-sur-Sienne" title="Heugueville-sur-Sienne">Heugueville-sur-Sienne</a></li>
<li><a href="/wiki/Heuss%C3%A9" title="Heussé">Heussé</a></li>
<li><a href="/wiki/Hiesville" title="Hiesville">Hiesville</a></li>
<li><a href="/wiki/Hocquigny" title="Hocquigny">Hocquigny</a></li>
<li><a href="/wiki/Le_Hommet-d%27Arthenay" title="Le Hommet-d'Arthenay">Le Hommet-d'Arthenay</a></li>
<li><a href="/wiki/Houesville" title="Houesville">Houesville</a></li>
<li><a href="/wiki/Houtteville" title="Houtteville">Houtteville</a></li>
<li><a href="/wiki/Huberville" title="Huberville">Huberville</a></li>
<li><a href="/wiki/Hudimesnil" title="Hudimesnil">Hudimesnil</a></li>
<li><a href="/wiki/Huisnes-sur-Mer" title="Huisnes-sur-Mer">Huisnes-sur-Mer</a></li>
<li><a href="/wiki/Husson" title="Husson">Husson</a></li>
<li><a href="/wiki/Hyenville" title="Hyenville">Hyenville</a></li>
<li><a href="/wiki/Isigny-le-Buat" title="Isigny-le-Buat">Isigny-le-Buat</a></li>
<li><a href="/wiki/Jobourg" title="Jobourg">Jobourg</a></li>
<li><a href="/wiki/Joganville" title="Joganville">Joganville</a></li>
<li><a href="/wiki/Juilley" title="Juilley">Juilley</a></li>
<li><a href="/wiki/Jullouville" title="Jullouville">Jullouville</a></li>
<li><a href="/wiki/Juvigny-le-Tertre" title="Juvigny-le-Tertre">Juvigny-le-Tertre</a></li>
<li><a href="/wiki/Lamberville,_Manche" title="Lamberville, Manche">Lamberville</a></li>
<li><a href="/wiki/La_Lande-d%27Airou" title="La Lande-d'Airou">La Lande-d'Airou</a></li>
<li><a href="/wiki/Lapenty" title="Lapenty">Lapenty</a></li>
<li><a href="/wiki/Laulne" title="Laulne">Laulne</a></li>
<li><a href="/wiki/Lengronne" title="Lengronne">Lengronne</a></li>
<li><a href="/wiki/Lessay" title="Lessay">Lessay</a></li>
<li><a href="/wiki/Lestre" title="Lestre">Lestre</a></li>
<li><a href="/wiki/Liesville-sur-Douve" title="Liesville-sur-Douve">Liesville-sur-Douve</a></li>
<li><a href="/wiki/Lieusaint,_Manche" title="Lieusaint, Manche">Lieusaint</a></li>
<li><a href="/wiki/Lingeard" title="Lingeard">Lingeard</a></li>
<li><a href="/wiki/Lingreville" title="Lingreville">Lingreville</a></li>
<li><a href="/wiki/Lithaire" title="Lithaire">Lithaire</a></li>
<li><a href="/wiki/Les_Loges-Marchis" title="Les Loges-Marchis">Les Loges-Marchis</a></li>
<li><a href="/wiki/Les_Loges-sur-Br%C3%A9cey" title="Les Loges-sur-Brécey">Les Loges-sur-Brécey</a></li>
<li><a href="/wiki/Lolif" title="Lolif">Lolif</a></li>
<li><a href="/wiki/Longueville,_Manche" title="Longueville, Manche">Longueville</a></li>
<li><a href="/wiki/Le_Loreur" title="Le Loreur">Le Loreur</a></li>
<li><a href="/wiki/Le_Lorey" title="Le Lorey">Le Lorey</a></li>
<li><a href="/wiki/Lozon,_Manche" title="Lozon, Manche" class="mw-redirect">Lozon</a></li>
<li><a href="/wiki/La_Lucerne-d%27Outremer" title="La Lucerne-d'Outremer">La Lucerne-d'Outremer</a></li>
<li><a href="/wiki/Le_Luot" title="Le Luot">Le Luot</a></li>
<li><a href="/wiki/La_Luzerne" title="La Luzerne">La Luzerne</a></li>
<li><a href="/wiki/Macey,_Manche" title="Macey, Manche">Macey</a></li>
<li><a href="/wiki/Magneville" title="Magneville">Magneville</a></li>
<li><a href="/wiki/La_Mancelli%C3%A8re-sur-Vire" title="La Mancellière-sur-Vire">La Mancellière-sur-Vire</a></li>
<li><a href="/wiki/Marcey-les-Gr%C3%A8ves" title="Marcey-les-Grèves">Marcey-les-Grèves</a></li>
<li><a href="/wiki/March%C3%A9sieux" title="Marchésieux">Marchésieux</a></li>
<li><a href="/wiki/Marcilly,_Manche" title="Marcilly, Manche">Marcilly</a></li>
<li><a href="/wiki/Margueray" title="Margueray">Margueray</a></li>
<li><a href="/wiki/Marigny,_Manche" title="Marigny, Manche">Marigny</a></li>
<li><a href="/wiki/Martigny,_Manche" title="Martigny, Manche">Martigny</a></li>
<li><a href="/wiki/Martinvast" title="Martinvast">Martinvast</a></li>
<li><a href="/wiki/Maupertuis,_Manche" title="Maupertuis, Manche">Maupertuis</a></li>
<li><a href="/wiki/Maupertus-sur-Mer" title="Maupertus-sur-Mer">Maupertus-sur-Mer</a></li>
<li><a href="/wiki/La_Meauffe" title="La Meauffe">La Meauffe</a></li>
<li><a href="/wiki/M%C3%A9autis" title="Méautis">Méautis</a></li>
<li><a href="/wiki/Le_Mesnil,_Manche" title="Le Mesnil, Manche">Le Mesnil</a></li>
<li><a href="/wiki/Le_Mesnil-Adel%C3%A9e" title="Le Mesnil-Adelée">Le Mesnil-Adelée</a></li>
<li><a href="/wiki/Le_Mesnil-Amand" title="Le Mesnil-Amand">Le Mesnil-Amand</a></li>
<li><a href="/wiki/Le_Mesnil-Amey" title="Le Mesnil-Amey">Le Mesnil-Amey</a></li>
<li><a href="/wiki/Le_Mesnil-Aubert" title="Le Mesnil-Aubert">Le Mesnil-Aubert</a></li>
<li><a href="/wiki/Le_Mesnil-au-Val" title="Le Mesnil-au-Val">Le Mesnil-au-Val</a></li>
<li><a href="/wiki/Le_Mesnilbus" title="Le Mesnilbus">Le Mesnilbus</a></li>
<li><a href="/wiki/Le_Mesnil-Eury" title="Le Mesnil-Eury">Le Mesnil-Eury</a></li>
<li><a href="/wiki/Le_Mesnil-Garnier" title="Le Mesnil-Garnier">Le Mesnil-Garnier</a></li>
<li><a href="/wiki/Le_Mesnil-Gilbert" title="Le Mesnil-Gilbert">Le Mesnil-Gilbert</a></li>
<li><a href="/wiki/Le_Mesnil-Herman" title="Le Mesnil-Herman">Le Mesnil-Herman</a></li>
<li><a href="/wiki/Le_Mesnillard" title="Le Mesnillard">Le Mesnillard</a></li>
<li><a href="/wiki/Le_Mesnil-Opac" title="Le Mesnil-Opac">Le Mesnil-Opac</a></li>
<li><a href="/wiki/Le_Mesnil-Ozenne" title="Le Mesnil-Ozenne">Le Mesnil-Ozenne</a></li>
<li><a href="/wiki/Le_Mesnil-Rainfray" title="Le Mesnil-Rainfray">Le Mesnil-Rainfray</a></li>
<li><a href="/wiki/Le_Mesnil-Raoult" title="Le Mesnil-Raoult">Le Mesnil-Raoult</a></li>
<li><a href="/wiki/Le_Mesnil-Rogues" title="Le Mesnil-Rogues">Le Mesnil-Rogues</a></li>
<li><a href="/wiki/Le_Mesnil-Rouxelin" title="Le Mesnil-Rouxelin">Le Mesnil-Rouxelin</a></li>
<li><a href="/wiki/Le_Mesnil-T%C3%B4ve" title="Le Mesnil-Tôve">Le Mesnil-Tôve</a></li>
<li><strong class="selflink">Le Mesnil-Véneron</strong></li>
<li><a href="/wiki/Le_Mesnil-Vigot" title="Le Mesnil-Vigot">Le Mesnil-Vigot</a></li>
<li><a href="/wiki/Le_Mesnil-Villeman" title="Le Mesnil-Villeman">Le Mesnil-Villeman</a></li>
<li><a href="/wiki/La_Meurdraqui%C3%A8re" title="La Meurdraquière">La Meurdraquière</a></li>
<li><a href="/wiki/Milli%C3%A8res,_Manche" title="Millières, Manche">Millières</a></li>
<li><a href="/wiki/Milly,_Manche" title="Milly, Manche">Milly</a></li>
<li><a href="/wiki/Mobecq" title="Mobecq">Mobecq</a></li>
<li><a href="/wiki/Les_Moitiers-d%27Allonne" title="Les Moitiers-d'Allonne">Les Moitiers-d'Allonne</a></li>
<li><a href="/wiki/Les_Moitiers-en-Bauptois" title="Les Moitiers-en-Bauptois">Les Moitiers-en-Bauptois</a></li>
<li><a href="/wiki/Montabot" title="Montabot">Montabot</a></li>
<li><a href="/wiki/Montaigu-la-Brisette" title="Montaigu-la-Brisette">Montaigu-la-Brisette</a></li>
<li><a href="/wiki/Montaigu-les-Bois" title="Montaigu-les-Bois">Montaigu-les-Bois</a></li>
<li><a href="/wiki/Montanel" title="Montanel">Montanel</a></li>
<li><a href="/wiki/Montbray" title="Montbray">Montbray</a></li>
<li><a href="/wiki/Montchaton" title="Montchaton">Montchaton</a></li>
<li><a href="/wiki/Montcuit" title="Montcuit">Montcuit</a></li>
<li><a href="/wiki/Montebourg" title="Montebourg">Montebourg</a></li>
<li><a href="/wiki/Montfarville" title="Montfarville">Montfarville</a></li>
<li><a href="/wiki/Montgardon" title="Montgardon">Montgardon</a></li>
<li><a href="/wiki/Monthuchon" title="Monthuchon">Monthuchon</a></li>
<li><a href="/wiki/Montjoie-Saint-Martin" title="Montjoie-Saint-Martin">Montjoie-Saint-Martin</a></li>
<li><a href="/wiki/Montmartin-en-Graignes" title="Montmartin-en-Graignes">Montmartin-en-Graignes</a></li>
<li><a href="/wiki/Montmartin-sur-Mer" title="Montmartin-sur-Mer">Montmartin-sur-Mer</a></li>
<li><a href="/wiki/Montpinchon" title="Montpinchon">Montpinchon</a></li>
<li><a href="/wiki/Montrabot" title="Montrabot">Montrabot</a></li>
<li><a href="/wiki/Montreuil-sur-Lozon" title="Montreuil-sur-Lozon">Montreuil-sur-Lozon</a></li>
<li><a href="/wiki/Mont_Saint-Michel" title="Mont Saint-Michel">Mont Saint-Michel</a></li>
<li><a href="/wiki/Montsurvent" title="Montsurvent">Montsurvent</a></li>
<li><a href="/wiki/Montviron" title="Montviron">Montviron</a></li>
<li><a href="/wiki/Moon-sur-Elle" title="Moon-sur-Elle">Moon-sur-Elle</a></li>
<li><a href="/wiki/Morigny" title="Morigny">Morigny</a></li>
<li><a href="/wiki/Morsalines" title="Morsalines">Morsalines</a></li>
<li><a href="/wiki/Mortain" title="Mortain">Mortain</a></li>
<li><a href="/wiki/Morville,_Manche" title="Morville, Manche">Morville</a></li>
<li><a href="/wiki/La_Mouche,_Manche" title="La Mouche, Manche">La Mouche</a></li>
<li><a href="/wiki/Moulines,_Manche" title="Moulines, Manche">Moulines</a></li>
<li><a href="/wiki/Moyon" title="Moyon">Moyon</a></li>
<li><a href="/wiki/Muneville-le-Bingard" title="Muneville-le-Bingard">Muneville-le-Bingard</a></li>
<li><a href="/wiki/Muneville-sur-Mer" title="Muneville-sur-Mer">Muneville-sur-Mer</a></li>
<li><a href="/wiki/Nay,_Manche" title="Nay, Manche">Nay</a></li>
<li><a href="/wiki/N%C3%A9greville" title="Négreville">Négreville</a></li>
<li><a href="/wiki/N%C3%A9hou" title="Néhou">Néhou</a></li>
<li><a href="/wiki/Le_Neufbourg" title="Le Neufbourg">Le Neufbourg</a></li>
<li><a href="/wiki/Neufmesnil" title="Neufmesnil">Neufmesnil</a></li>
<li><a href="/wiki/Neuville-au-Plain" title="Neuville-au-Plain">Neuville-au-Plain</a></li>
<li><a href="/wiki/Neuville-en-Beaumont" title="Neuville-en-Beaumont">Neuville-en-Beaumont</a></li>
<li><a href="/wiki/N%C3%A9ville-sur-Mer" title="Néville-sur-Mer">Néville-sur-Mer</a></li>
<li><a href="/wiki/Nicorps" title="Nicorps">Nicorps</a></li>
<li><a href="/wiki/Notre-Dame-de-Cenilly" title="Notre-Dame-de-Cenilly">Notre-Dame-de-Cenilly</a></li>
<li><a href="/wiki/Notre-Dame-de-Livoye" title="Notre-Dame-de-Livoye">Notre-Dame-de-Livoye</a></li>
<li><a href="/wiki/Notre-Dame-d%27Elle" title="Notre-Dame-d'Elle">Notre-Dame-d'Elle</a></li>
<li><a href="/wiki/Notre-Dame-du-Touchet" title="Notre-Dame-du-Touchet">Notre-Dame-du-Touchet</a></li>
<li><a href="/wiki/Nouainville" title="Nouainville">Nouainville</a></li>
<li><a href="/wiki/Octeville-l%27Avenel" title="Octeville-l'Avenel">Octeville-l'Avenel</a></li>
<li><a href="/wiki/Omonville-la-Petite" title="Omonville-la-Petite">Omonville-la-Petite</a></li>
<li><a href="/wiki/Omonville-la-Rogue" title="Omonville-la-Rogue">Omonville-la-Rogue</a></li>
<li><a href="/wiki/Orglandes" title="Orglandes">Orglandes</a></li>
<li><a href="/wiki/Orval,_Manche" title="Orval, Manche">Orval</a></li>
<li><a href="/wiki/Ouville" title="Ouville">Ouville</a></li>
<li><a href="/wiki/Ozeville" title="Ozeville">Ozeville</a></li>
<li><a href="/wiki/Parigny,_Manche" title="Parigny, Manche">Parigny</a></li>
<li><a href="/wiki/Percy,_Manche" title="Percy, Manche">Percy</a></li>
<li><a href="/wiki/P%C3%A9riers,_Manche" title="Périers, Manche">Périers</a></li>
<li><a href="/wiki/La_Pernelle" title="La Pernelle">La Pernelle</a></li>
<li><a href="/wiki/Les_Perques" title="Les Perques">Les Perques</a></li>
<li><a href="/wiki/Perriers-en-Beauficel" title="Perriers-en-Beauficel">Perriers-en-Beauficel</a></li>
<li><a href="/wiki/Le_Perron" title="Le Perron">Le Perron</a></li>
<li><a href="/wiki/Le_Petit-Celland" title="Le Petit-Celland">Le Petit-Celland</a></li>
<li><a href="/wiki/Picauville" title="Picauville">Picauville</a></li>
<li><a href="/wiki/Pierreville,_Manche" title="Pierreville, Manche">Pierreville</a></li>
<li><a href="/wiki/Les_Pieux" title="Les Pieux">Les Pieux</a></li>
<li><a href="/wiki/Pirou" title="Pirou">Pirou</a></li>
<li><a href="/wiki/Placy-Montaigu" title="Placy-Montaigu">Placy-Montaigu</a></li>
<li><a href="/wiki/Le_Plessis-Lastelle" title="Le Plessis-Lastelle">Le Plessis-Lastelle</a></li>
<li><a href="/wiki/Plomb" title="Plomb">Plomb</a></li>
<li><a href="/wiki/Poilley,_Manche" title="Poilley, Manche">Poilley</a></li>
<li><a href="/wiki/Pontaubault" title="Pontaubault">Pontaubault</a></li>
<li><a href="/wiki/Pont-H%C3%A9bert" title="Pont-Hébert">Pont-Hébert</a></li>
<li><a href="/wiki/Pontorson" title="Pontorson">Pontorson</a></li>
<li><a href="/wiki/Ponts,_Manche" title="Ponts, Manche">Ponts</a></li>
<li><a href="/wiki/Portbail" title="Portbail">Portbail</a></li>
<li><a href="/wiki/Pr%C3%A9cey" title="Précey">Précey</a></li>
<li><a href="/wiki/Pr%C3%A9corbin" title="Précorbin">Précorbin</a></li>
<li><a href="/wiki/Pr%C3%A9tot-Sainte-Suzanne" title="Prétot-Sainte-Suzanne">Prétot-Sainte-Suzanne</a></li>
<li><a href="/wiki/Querqueville" title="Querqueville">Querqueville</a></li>
<li><a href="/wiki/Quettehou" title="Quettehou">Quettehou</a></li>
<li><a href="/wiki/Quettetot" title="Quettetot">Quettetot</a></li>
<li><a href="/wiki/Quettreville-sur-Sienne" title="Quettreville-sur-Sienne">Quettreville-sur-Sienne</a></li>
<li><a href="/wiki/Quibou" title="Quibou">Quibou</a></li>
<li><a href="/wiki/Quin%C3%A9ville" title="Quinéville">Quinéville</a></li>
<li><a href="/wiki/Raids" title="Raids">Raids</a></li>
<li><a href="/wiki/Rampan" title="Rampan">Rampan</a></li>
<li><a href="/wiki/Rauville-la-Bigot" title="Rauville-la-Bigot">Rauville-la-Bigot</a></li>
<li><a href="/wiki/Rauville-la-Place" title="Rauville-la-Place">Rauville-la-Place</a></li>
<li><a href="/wiki/Ravenoville" title="Ravenoville">Ravenoville</a></li>
<li><a href="/wiki/Reffuveille" title="Reffuveille">Reffuveille</a></li>
<li><a href="/wiki/Regn%C3%A9ville-sur-Mer" title="Regnéville-sur-Mer">Regnéville-sur-Mer</a></li>
<li><a href="/wiki/Reigneville-Bocage" title="Reigneville-Bocage">Reigneville-Bocage</a></li>
<li><a href="/wiki/Remilly-sur-Lozon" title="Remilly-sur-Lozon">Remilly-sur-Lozon</a></li>
<li><a href="/wiki/R%C3%A9thoville" title="Réthoville">Réthoville</a></li>
<li><a href="/wiki/R%C3%A9ville" title="Réville">Réville</a></li>
<li><a href="/wiki/La_Rochelle-Normande" title="La Rochelle-Normande">La Rochelle-Normande</a></li>
<li><a href="/wiki/Rocheville" title="Rocheville">Rocheville</a></li>
<li><a href="/wiki/Romagny,_Manche" title="Romagny, Manche">Romagny</a></li>
<li><a href="/wiki/Roncey" title="Roncey">Roncey</a></li>
<li><a href="/wiki/La_Ronde-Haye" title="La Ronde-Haye">La Ronde-Haye</a></li>
<li><a href="/wiki/Rouffigny" title="Rouffigny">Rouffigny</a></li>
<li><a href="/wiki/Rouxeville" title="Rouxeville">Rouxeville</a></li>
<li><a href="/wiki/Le_Rozel" title="Le Rozel">Le Rozel</a></li>
<li><a href="/wiki/Sacey" title="Sacey">Sacey</a></li>
<li><a href="/wiki/Saint-Amand,_Manche" title="Saint-Amand, Manche">Saint-Amand</a></li>
<li><a href="/wiki/Saint-Andr%C3%A9-de-Bohon" title="Saint-André-de-Bohon">Saint-André-de-Bohon</a></li>
<li><a href="/wiki/Saint-Andr%C3%A9-de-l%27%C3%89pine" title="Saint-André-de-l'Épine">Saint-André-de-l'Épine</a></li>
<li><a href="/wiki/Saint-Aubin-de-Terregatte" title="Saint-Aubin-de-Terregatte">Saint-Aubin-de-Terregatte</a></li>
<li><a href="/wiki/Saint-Aubin-des-Pr%C3%A9aux" title="Saint-Aubin-des-Préaux">Saint-Aubin-des-Préaux</a></li>
<li><a href="/wiki/Saint-Aubin-du-Perron" title="Saint-Aubin-du-Perron">Saint-Aubin-du-Perron</a></li>
<li><a href="/wiki/Saint-Barth%C3%A9lemy,_Manche" title="Saint-Barthélemy, Manche">Saint-Barthélemy</a></li>
<li><a href="/wiki/Saint-Brice,_Manche" title="Saint-Brice, Manche">Saint-Brice</a></li>
<li><a href="/wiki/Saint-Brice-de-Landelles" title="Saint-Brice-de-Landelles">Saint-Brice-de-Landelles</a></li>
<li><a href="/wiki/Saint-Christophe-du-Foc" title="Saint-Christophe-du-Foc">Saint-Christophe-du-Foc</a></li>
<li><a href="/wiki/Saint-Clair-sur-l%27Elle" title="Saint-Clair-sur-l'Elle">Saint-Clair-sur-l'Elle</a></li>
<li><a href="/wiki/Saint-Cl%C3%A9ment-Rancoudray" title="Saint-Clément-Rancoudray">Saint-Clément-Rancoudray</a></li>
<li><a href="/wiki/Saint-C%C3%B4me-du-Mont" title="Saint-Côme-du-Mont">Saint-Côme-du-Mont</a></li>
<li><a href="/wiki/Saint-Cyr,_Manche" title="Saint-Cyr, Manche">Saint-Cyr</a></li>
<li><a href="/wiki/Saint-Cyr-du-Bailleul" title="Saint-Cyr-du-Bailleul">Saint-Cyr-du-Bailleul</a></li>
<li><a href="/wiki/Saint-Denis-le-Gast" title="Saint-Denis-le-Gast">Saint-Denis-le-Gast</a></li>
<li><a href="/wiki/Saint-Denis-le-V%C3%AAtu" title="Saint-Denis-le-Vêtu">Saint-Denis-le-Vêtu</a></li>
<li><a href="/wiki/Saint-%C3%89bremond-de-Bonfoss%C3%A9" title="Saint-Ébremond-de-Bonfossé">Saint-Ébremond-de-Bonfossé</a></li>
<li><a href="/wiki/Sainte-C%C3%A9cile,_Manche" title="Sainte-Cécile, Manche">Sainte-Cécile</a></li>
<li><a href="/wiki/Sainte-Colombe,_Manche" title="Sainte-Colombe, Manche">Sainte-Colombe</a></li>
<li><a href="/wiki/Sainte-Croix-Hague" title="Sainte-Croix-Hague">Sainte-Croix-Hague</a></li>
<li><a href="/wiki/Sainte-Genevi%C3%A8ve,_Manche" title="Sainte-Geneviève, Manche">Sainte-Geneviève</a></li>
<li><a href="/wiki/Sainte-Marie-du-Bois,_Manche" title="Sainte-Marie-du-Bois, Manche">Sainte-Marie-du-Bois</a></li>
<li><a href="/wiki/Sainte-Marie-du-Mont,_Manche" title="Sainte-Marie-du-Mont, Manche">Sainte-Marie-du-Mont</a></li>
<li><a href="/wiki/Sainte-M%C3%A8re-%C3%89glise" title="Sainte-Mère-Église">Sainte-Mère-Église</a></li>
<li><a href="/wiki/Sainteny" title="Sainteny">Sainteny</a></li>
<li><a href="/wiki/Sainte-Pience" title="Sainte-Pience">Sainte-Pience</a></li>
<li><a href="/wiki/Sainte-Suzanne-sur-Vire" title="Sainte-Suzanne-sur-Vire">Sainte-Suzanne-sur-Vire</a></li>
<li><a href="/wiki/Saint-Floxel" title="Saint-Floxel">Saint-Floxel</a></li>
<li><a href="/wiki/Saint-Fromond" title="Saint-Fromond">Saint-Fromond</a></li>
<li><a href="/wiki/Saint-Georges-d%27Elle" title="Saint-Georges-d'Elle">Saint-Georges-d'Elle</a></li>
<li><a href="/wiki/Saint-Georges-de-Bohon" title="Saint-Georges-de-Bohon">Saint-Georges-de-Bohon</a></li>
<li><a href="/wiki/Saint-Georges-de-la-Rivi%C3%A8re" title="Saint-Georges-de-la-Rivière">Saint-Georges-de-la-Rivière</a></li>
<li><a href="/wiki/Saint-Georges-de-Livoye" title="Saint-Georges-de-Livoye">Saint-Georges-de-Livoye</a></li>
<li><a href="/wiki/Saint-Georges-de-Rouelley" title="Saint-Georges-de-Rouelley">Saint-Georges-de-Rouelley</a></li>
<li><a href="/wiki/Saint-Georges-Montcocq" title="Saint-Georges-Montcocq">Saint-Georges-Montcocq</a></li>
<li><a href="/wiki/Saint-Germain-d%27Elle" title="Saint-Germain-d'Elle">Saint-Germain-d'Elle</a></li>
<li><a href="/wiki/Saint-Germain-des-Vaux" title="Saint-Germain-des-Vaux">Saint-Germain-des-Vaux</a></li>
<li><a href="/wiki/Saint-Germain-de-Tournebut" title="Saint-Germain-de-Tournebut">Saint-Germain-de-Tournebut</a></li>
<li><a href="/wiki/Saint-Germain-de-Varreville" title="Saint-Germain-de-Varreville">Saint-Germain-de-Varreville</a></li>
<li><a href="/wiki/Saint-Germain-le-Gaillard,_Manche" title="Saint-Germain-le-Gaillard, Manche">Saint-Germain-le-Gaillard</a></li>
<li><a href="/wiki/Saint-Germain-sur-Ay" title="Saint-Germain-sur-Ay">Saint-Germain-sur-Ay</a></li>
<li><a href="/wiki/Saint-Germain-sur-S%C3%A8ves" title="Saint-Germain-sur-Sèves">Saint-Germain-sur-Sèves</a></li>
<li><a href="/wiki/Saint-Gilles,_Manche" title="Saint-Gilles, Manche">Saint-Gilles</a></li>
<li><a href="/wiki/Saint-Hilaire-du-Harcou%C3%ABt" title="Saint-Hilaire-du-Harcouët">Saint-Hilaire-du-Harcouët</a></li>
<li><a href="/wiki/Saint-Hilaire-Petitville" title="Saint-Hilaire-Petitville">Saint-Hilaire-Petitville</a></li>
<li><a href="/wiki/Saint-Jacques-de-N%C3%A9hou" title="Saint-Jacques-de-Néhou">Saint-Jacques-de-Néhou</a></li>
<li><a href="/wiki/Saint-James" title="Saint-James">Saint-James</a></li>
<li><a href="/wiki/Saint-Jean-de-Daye" title="Saint-Jean-de-Daye">Saint-Jean-de-Daye</a></li>
<li><a href="/wiki/Saint-Jean-de-la-Haize" title="Saint-Jean-de-la-Haize">Saint-Jean-de-la-Haize</a></li>
<li><a href="/wiki/Saint-Jean-de-la-Rivi%C3%A8re" title="Saint-Jean-de-la-Rivière">Saint-Jean-de-la-Rivière</a></li>
<li><a href="/wiki/Saint-Jean-de-Savigny" title="Saint-Jean-de-Savigny">Saint-Jean-de-Savigny</a></li>
<li><a href="/wiki/Saint-Jean-des-Baisants" title="Saint-Jean-des-Baisants">Saint-Jean-des-Baisants</a></li>
<li><a href="/wiki/Saint-Jean-des-Champs" title="Saint-Jean-des-Champs">Saint-Jean-des-Champs</a></li>
<li><a href="/wiki/Saint-Jean-du-Corail" title="Saint-Jean-du-Corail">Saint-Jean-du-Corail</a></li>
<li><a href="/wiki/Saint-Jean-du-Corail-des-Bois" title="Saint-Jean-du-Corail-des-Bois">Saint-Jean-du-Corail-des-Bois</a></li>
<li><a href="/wiki/Saint-Jean-le-Thomas" title="Saint-Jean-le-Thomas">Saint-Jean-le-Thomas</a></li>
<li><a href="/wiki/Saint-Jores" title="Saint-Jores">Saint-Jores</a></li>
<li><a href="/wiki/Saint-Joseph,_Manche" title="Saint-Joseph, Manche">Saint-Joseph</a></li>
<li><a href="/wiki/Saint-Laurent-de-Cuves" title="Saint-Laurent-de-Cuves">Saint-Laurent-de-Cuves</a></li>
<li><a href="/wiki/Saint-Laurent-de-Terregatte" title="Saint-Laurent-de-Terregatte">Saint-Laurent-de-Terregatte</a></li>
<li><a href="/wiki/Saint-L%C3%B4" title="Saint-Lô">Saint-Lô</a></li>
<li><a href="/wiki/Saint-L%C3%B4-d%27Ourville" title="Saint-Lô-d'Ourville">Saint-Lô-d'Ourville</a></li>
<li><a href="/wiki/Saint-Louet-sur-Vire" title="Saint-Louet-sur-Vire">Saint-Louet-sur-Vire</a></li>
<li><a href="/wiki/Saint-Loup,_Manche" title="Saint-Loup, Manche">Saint-Loup</a></li>
<li><a href="/wiki/Saint-Malo-de-la-Lande" title="Saint-Malo-de-la-Lande">Saint-Malo-de-la-Lande</a></li>
<li><a href="/wiki/Saint-Marcouf,_Manche" title="Saint-Marcouf, Manche">Saint-Marcouf</a></li>
<li><a href="/wiki/Saint-Martin-d%27Aubigny" title="Saint-Martin-d'Aubigny">Saint-Martin-d'Aubigny</a></li>
<li><a href="/wiki/Saint-Martin-d%27Audouville" title="Saint-Martin-d'Audouville">Saint-Martin-d'Audouville</a></li>
<li><a href="/wiki/Saint-Martin-de-Bonfoss%C3%A9" title="Saint-Martin-de-Bonfossé">Saint-Martin-de-Bonfossé</a></li>
<li><a href="/wiki/Saint-Martin-de-Cenilly" title="Saint-Martin-de-Cenilly">Saint-Martin-de-Cenilly</a></li>
<li><a href="/wiki/Saint-Martin-de-Landelles" title="Saint-Martin-de-Landelles">Saint-Martin-de-Landelles</a></li>
<li><a href="/wiki/Saint-Martin-des-Champs,_Manche" title="Saint-Martin-des-Champs, Manche">Saint-Martin-des-Champs</a></li>
<li><a href="/wiki/Saint-Martin-de-Varreville" title="Saint-Martin-de-Varreville">Saint-Martin-de-Varreville</a></li>
<li><a href="/wiki/Saint-Martin-le-Bouillant" title="Saint-Martin-le-Bouillant">Saint-Martin-le-Bouillant</a></li>
<li><a href="/wiki/Saint-Martin-le-Gr%C3%A9ard" title="Saint-Martin-le-Gréard">Saint-Martin-le-Gréard</a></li>
<li><a href="/wiki/Saint-Martin-le-H%C3%A9bert" title="Saint-Martin-le-Hébert">Saint-Martin-le-Hébert</a></li>
<li><a href="/wiki/Saint-Maur-des-Bois" title="Saint-Maur-des-Bois">Saint-Maur-des-Bois</a></li>
<li><a href="/wiki/Saint-Maurice-en-Cotentin" title="Saint-Maurice-en-Cotentin">Saint-Maurice-en-Cotentin</a></li>
<li><a href="/wiki/Saint-Michel-de-la-Pierre" title="Saint-Michel-de-la-Pierre">Saint-Michel-de-la-Pierre</a></li>
<li><a href="/wiki/Saint-Michel-de-Montjoie" title="Saint-Michel-de-Montjoie">Saint-Michel-de-Montjoie</a></li>
<li><a href="/wiki/Saint-Nicolas-de-Pierrepont" title="Saint-Nicolas-de-Pierrepont">Saint-Nicolas-de-Pierrepont</a></li>
<li><a href="/wiki/Saint-Nicolas-des-Bois,_Manche" title="Saint-Nicolas-des-Bois, Manche">Saint-Nicolas-des-Bois</a></li>
<li><a href="/wiki/Saint-Ovin" title="Saint-Ovin">Saint-Ovin</a></li>
<li><a href="/wiki/Saint-Pair-sur-Mer" title="Saint-Pair-sur-Mer">Saint-Pair-sur-Mer</a></li>
<li><a href="/wiki/Saint-Patrice-de-Claids" title="Saint-Patrice-de-Claids">Saint-Patrice-de-Claids</a></li>
<li><a href="/wiki/Saint-Pellerin,_Manche" title="Saint-Pellerin, Manche">Saint-Pellerin</a></li>
<li><a href="/wiki/Saint-Pierre-d%27Arth%C3%A9glise" title="Saint-Pierre-d'Arthéglise">Saint-Pierre-d'Arthéglise</a></li>
<li><a href="/wiki/Saint-Pierre-de-Coutances" title="Saint-Pierre-de-Coutances">Saint-Pierre-de-Coutances</a></li>
<li><a href="/wiki/Saint-Pierre-de-Semilly" title="Saint-Pierre-de-Semilly">Saint-Pierre-de-Semilly</a></li>
<li><a href="/wiki/Saint-Pierre-%C3%89glise" title="Saint-Pierre-Église">Saint-Pierre-Église</a></li>
<li><a href="/wiki/Saint-Pierre-Langers" title="Saint-Pierre-Langers">Saint-Pierre-Langers</a></li>
<li><a href="/wiki/Saint-Planchers" title="Saint-Planchers">Saint-Planchers</a></li>
<li><a href="/wiki/Saint-Pois" title="Saint-Pois">Saint-Pois</a></li>
<li><a href="/wiki/Saint-Quentin-sur-le-Homme" title="Saint-Quentin-sur-le-Homme">Saint-Quentin-sur-le-Homme</a></li>
<li><a href="/wiki/Saint-R%C3%A9my-des-Landes" title="Saint-Rémy-des-Landes">Saint-Rémy-des-Landes</a></li>
<li><a href="/wiki/Saint-Romphaire" title="Saint-Romphaire">Saint-Romphaire</a></li>
<li><a href="/wiki/Saint-Samson-de-Bonfoss%C3%A9" title="Saint-Samson-de-Bonfossé">Saint-Samson-de-Bonfossé</a></li>
<li><a href="/wiki/Saint-Sauveur-de-Pierrepont" title="Saint-Sauveur-de-Pierrepont">Saint-Sauveur-de-Pierrepont</a></li>
<li><a href="/wiki/Saint-Sauveur-la-Pommeraye" title="Saint-Sauveur-la-Pommeraye">Saint-Sauveur-la-Pommeraye</a></li>
<li><a href="/wiki/Saint-Sauveur-Lendelin" title="Saint-Sauveur-Lendelin">Saint-Sauveur-Lendelin</a></li>
<li><a href="/wiki/Saint-Sauveur-le-Vicomte" title="Saint-Sauveur-le-Vicomte">Saint-Sauveur-le-Vicomte</a></li>
<li><a href="/wiki/Saint-S%C3%A9bastien-de-Raids" title="Saint-Sébastien-de-Raids">Saint-Sébastien-de-Raids</a></li>
<li><a href="/wiki/Saint-Senier-de-Beuvron" title="Saint-Senier-de-Beuvron">Saint-Senier-de-Beuvron</a></li>
<li><a href="/wiki/Saint-Senier-sous-Avranches" title="Saint-Senier-sous-Avranches">Saint-Senier-sous-Avranches</a></li>
<li><a href="/wiki/Saint-Symphorien-des-Monts" title="Saint-Symphorien-des-Monts">Saint-Symphorien-des-Monts</a></li>
<li><a href="/wiki/Saint-Symphorien-le-Valois" title="Saint-Symphorien-le-Valois">Saint-Symphorien-le-Valois</a></li>
<li><a href="/wiki/Saint-Vaast-la-Hougue" title="Saint-Vaast-la-Hougue">Saint-Vaast-la-Hougue</a></li>
<li><a href="/wiki/Saint-Vigor-des-Monts" title="Saint-Vigor-des-Monts">Saint-Vigor-des-Monts</a></li>
<li><a href="/wiki/Sartilly" title="Sartilly">Sartilly</a></li>
<li><a href="/wiki/Saussemesnil" title="Saussemesnil">Saussemesnil</a></li>
<li><a href="/wiki/Saussey,_Manche" title="Saussey, Manche">Saussey</a></li>
<li><a href="/wiki/Savigny,_Manche" title="Savigny, Manche">Savigny</a></li>
<li><a href="/wiki/Savigny-le-Vieux" title="Savigny-le-Vieux">Savigny-le-Vieux</a></li>
<li><a href="/wiki/S%C3%A9beville" title="Sébeville">Sébeville</a></li>
<li><a href="/wiki/S%C3%A9noville" title="Sénoville">Sénoville</a></li>
<li><a href="/wiki/Servigny" title="Servigny">Servigny</a></li>
<li><a href="/wiki/Servon,_Manche" title="Servon, Manche">Servon</a></li>
<li><a href="/wiki/Sideville" title="Sideville">Sideville</a></li>
<li><a href="/wiki/Siouville-Hague" title="Siouville-Hague">Siouville-Hague</a></li>
<li><a href="/wiki/Sortosville" title="Sortosville">Sortosville</a></li>
<li><a href="/wiki/Sortosville-en-Beaumont" title="Sortosville-en-Beaumont">Sortosville-en-Beaumont</a></li>
<li><a href="/wiki/Sottevast" title="Sottevast">Sottevast</a></li>
<li><a href="/wiki/Sotteville,_Manche" title="Sotteville, Manche">Sotteville</a></li>
<li><a href="/wiki/Soulles" title="Soulles">Soulles</a></li>
<li><a href="/wiki/Sourdeval" title="Sourdeval">Sourdeval</a></li>
<li><a href="/wiki/Sourdeval-les-Bois" title="Sourdeval-les-Bois">Sourdeval-les-Bois</a></li>
<li><a href="/wiki/Subligny,_Manche" title="Subligny, Manche">Subligny</a></li>
<li><a href="/wiki/Surtainville" title="Surtainville">Surtainville</a></li>
<li><a href="/wiki/Surville,_Manche" title="Surville, Manche">Surville</a></li>
<li><a href="/wiki/Taillepied" title="Taillepied">Taillepied</a></li>
<li><a href="/wiki/Tamerville" title="Tamerville">Tamerville</a></li>
<li><a href="/wiki/Tanis,_Manche" title="Tanis, Manche">Tanis</a></li>
<li><a href="/wiki/Le_Tanu" title="Le Tanu">Le Tanu</a></li>
<li><a href="/wiki/Le_Teilleul" title="Le Teilleul">Le Teilleul</a></li>
<li><a href="/wiki/Tessy-sur-Vire" title="Tessy-sur-Vire">Tessy-sur-Vire</a></li>
<li><a href="/wiki/Teurth%C3%A9ville-Bocage" title="Teurthéville-Bocage">Teurthéville-Bocage</a></li>
<li><a href="/wiki/Teurth%C3%A9ville-Hague" title="Teurthéville-Hague">Teurthéville-Hague</a></li>
<li><a href="/wiki/Le_Theil,_Manche" title="Le Theil, Manche">Le Theil</a></li>
<li><a href="/wiki/Th%C3%A9ville" title="Théville">Théville</a></li>
<li><a href="/wiki/Tirepied" title="Tirepied">Tirepied</a></li>
<li><a href="/wiki/Tocqueville,_Manche" title="Tocqueville, Manche">Tocqueville</a></li>
<li><a href="/wiki/Tollevast" title="Tollevast">Tollevast</a></li>
<li><a href="/wiki/Tonneville" title="Tonneville">Tonneville</a></li>
<li><a href="/wiki/Torigni-sur-Vire" title="Torigni-sur-Vire">Torigni-sur-Vire</a></li>
<li><a href="/wiki/Tourlaville" title="Tourlaville">Tourlaville</a></li>
<li><a href="/wiki/Tourville-sur-Sienne" title="Tourville-sur-Sienne">Tourville-sur-Sienne</a></li>
<li><a href="/wiki/Tr%C3%A9auville" title="Tréauville">Tréauville</a></li>
<li><a href="/wiki/Trelly" title="Trelly">Trelly</a></li>
<li><a href="/wiki/Tribehou" title="Tribehou">Tribehou</a></li>
<li><a href="/wiki/La_Trinit%C3%A9,_Manche" title="La Trinité, Manche">La Trinité</a></li>
<li><a href="/wiki/Troisgots" title="Troisgots">Troisgots</a></li>
<li><a href="/wiki/Turqueville" title="Turqueville">Turqueville</a></li>
<li><a href="/wiki/Urville,_Manche" title="Urville, Manche">Urville</a></li>
<li><a href="/wiki/Urville-Nacqueville" title="Urville-Nacqueville">Urville-Nacqueville</a></li>
<li><a href="/wiki/Vains" title="Vains">Vains</a></li>
<li><a href="/wiki/Valcanville" title="Valcanville">Valcanville</a></li>
<li><a href="/wiki/Le_Vald%C3%A9cie" title="Le Valdécie">Le Valdécie</a></li>
<li><a href="/wiki/Valognes" title="Valognes">Valognes</a></li>
<li><a href="/wiki/Le_Val-Saint-P%C3%A8re" title="Le Val-Saint-Père">Le Val-Saint-Père</a></li>
<li><a href="/wiki/Varenguebec" title="Varenguebec">Varenguebec</a></li>
<li><a href="/wiki/Varouville" title="Varouville">Varouville</a></li>
<li><a href="/wiki/Le_Vast" title="Le Vast">Le Vast</a></li>
<li><a href="/wiki/Vasteville" title="Vasteville">Vasteville</a></li>
<li><a href="/wiki/Vaudreville" title="Vaudreville">Vaudreville</a></li>
<li><a href="/wiki/Vaudrimesnil" title="Vaudrimesnil">Vaudrimesnil</a></li>
<li><a href="/wiki/Vauville,_Manche" title="Vauville, Manche">Vauville</a></li>
<li><a href="/wiki/La_Vendel%C3%A9e" title="La Vendelée">La Vendelée</a></li>
<li><a href="/wiki/Vengeons" title="Vengeons">Vengeons</a></li>
<li><a href="/wiki/Ver,_Manche" title="Ver, Manche">Ver</a></li>
<li><a href="/wiki/Vergoncey" title="Vergoncey">Vergoncey</a></li>
<li><a href="/wiki/Vernix,_Manche" title="Vernix, Manche">Vernix</a></li>
<li><a href="/wiki/Vesly,_Manche" title="Vesly, Manche">Vesly</a></li>
<li><a href="/wiki/Vessey,_Manche" title="Vessey, Manche">Vessey</a></li>
<li><a href="/wiki/Les_Veys" title="Les Veys">Les Veys</a></li>
<li><a href="/wiki/Le_Vicel" title="Le Vicel">Le Vicel</a></li>
<li><a href="/wiki/Videcosville" title="Videcosville">Videcosville</a></li>
<li><a href="/wiki/Vidouville" title="Vidouville">Vidouville</a></li>
<li><a href="/wiki/Vierville,_Manche" title="Vierville, Manche">Vierville</a></li>
<li><a href="/wiki/Villebaudon" title="Villebaudon">Villebaudon</a></li>
<li><a href="/wiki/Villechien" title="Villechien">Villechien</a></li>
<li><a href="/wiki/Villedieu-les-Po%C3%AAles" title="Villedieu-les-Poêles">Villedieu-les-Poêles</a></li>
<li><a href="/wiki/Villiers-Fossard" title="Villiers-Fossard">Villiers-Fossard</a></li>
<li><a href="/wiki/Villiers-le-Pr%C3%A9" title="Villiers-le-Pré">Villiers-le-Pré</a></li>
<li><a href="/wiki/Vindefontaine" title="Vindefontaine">Vindefontaine</a></li>
<li><a href="/wiki/Virandeville" title="Virandeville">Virandeville</a></li>
<li><a href="/wiki/Virey" title="Virey">Virey</a></li>
<li><a href="/wiki/Le_Vr%C3%A9tot" title="Le Vrétot">Le Vrétot</a></li>
<li><a href="/wiki/Yquelon" title="Yquelon">Yquelon</a></li>
<li><a href="/wiki/Yvetot-Bocage" title="Yvetot-Bocage">Yvetot-Bocage</a></li>
</ul>
</div>
</td>
</tr>
</table>
</td>
</tr>
</table>
<table class="metadata plainlinks stub" role="presentation" style="background:transparent">
<tr>
<td><a href="/wiki/File:Blason_d%C3%A9partement_fr_Manche.svg" class="image"><img alt="Stub icon" src="//upload.wikimedia.org/wikipedia/commons/thumb/1/11/Blason_d%C3%A9partement_fr_Manche.svg/30px-Blason_d%C3%A9partement_fr_Manche.svg.png" width="30" height="33" srcset="//upload.wikimedia.org/wikipedia/commons/thumb/1/11/Blason_d%C3%A9partement_fr_Manche.svg/45px-Blason_d%C3%A9partement_fr_Manche.svg.png 1.5x, //upload.wikimedia.org/wikipedia/commons/thumb/1/11/Blason_d%C3%A9partement_fr_Manche.svg/60px-Blason_d%C3%A9partement_fr_Manche.svg.png 2x" data-file-width="600" data-file-height="660" /></a></td>
<td><i>This <a href="/wiki/Manche" title="Manche">Manche</a> geographical article is a <a href="/wiki/Wikipedia:Stub" title="Wikipedia:Stub">stub</a>. You can help Wikipedia by <a class="external text" href="//en.wikipedia.org/w/index.php?title=Le_Mesnil-V%C3%A9neron&amp;action=edit">expanding it</a>.</i>
<div class="plainlinks hlist navbar mini" style="position: absolute; right: 15px; display: none;">
<ul>
<li class="nv-view"><a href="/wiki/Template:Manche-geo-stub" title="Template:Manche-geo-stub"><span title="View this template">v</span></a></li>
<li class="nv-talk"><a href="/wiki/Template_talk:Manche-geo-stub" title="Template talk:Manche-geo-stub"><span title="Discuss this template">t</span></a></li>
<li class="nv-edit"><a class="external text" href="//en.wikipedia.org/w/index.php?title=Template:Manche-geo-stub&amp;action=edit"><span title="Edit this template">e</span></a></li>
</ul>
</div>
</td>
</tr>
</table>


<!-- 
NewPP limit report
Parsed by mw1207
CPU time usage: 0.523 seconds
Real time usage: 4.672 seconds
Preprocessor visited node count: 4449/1000000
Preprocessor generated node count: 0/1500000
Post‐expand include size: 96212/2097152 bytes
Template argument size: 6089/2097152 bytes
Highest expansion depth: 26/40
Expensive parser function count: 3/500
Lua time usage: 0.158/10.000 seconds
Lua memory usage: 3.28 MB/50 MB
-->

<!-- 
Transclusion expansion time report (%,ms,calls,template)
100.00% 4422.309      1 - -total
 73.60% 3255.013      1 - Template:Infobox_French_commune
 68.00% 3007.202      1 - Template:Infobox_settlement
 66.65% 2947.384      2 - Template:Infobox
 14.99%  663.022      1 - Template:Geobox_coor
 11.68%  516.439      1 - Template:Infobox_settlement/areadisp
 11.06%  489.015      1 - Template:Commonscat
  9.46%  418.172      2 - Template:Infobox_settlement/metric
  8.96%  396.200      2 - Template:Location_map
  8.63%  381.648      1 - Template:Manche_communes
-->

<!-- Saved in parser cache with key enwiki:pcache:idhash:15860951-0!*!0!*!*!4!* and timestamp 20150707110857 and revision id 649207855
 -->
<noscript><img src="//en.wikipedia.org/wiki/Special:CentralAutoLogin/start?type=1x1" alt="" title="" width="1" height="1" style="border: none; position: absolute;" /></noscript></div>					<div class="printfooter">
						Retrieved from "<a dir="ltr" href="https://en.wikipedia.org/w/index.php?title=Le_Mesnil-Véneron&amp;oldid=649207855">https://en.wikipedia.org/w/index.php?title=Le_Mesnil-Véneron&amp;oldid=649207855</a>"					</div>
				<div id='catlinks' class='catlinks'><div id="mw-normal-catlinks" class="mw-normal-catlinks"><a href="/wiki/Help:Category" title="Help:Category">Categories</a>: <ul><li><a href="/wiki/Category:Communes_of_Manche" title="Category:Communes of Manche">Communes of Manche</a></li><li><a href="/wiki/Category:Manche_geography_stubs" title="Category:Manche geography stubs">Manche geography stubs</a></li></ul></div><div id="mw-hidden-catlinks" class="mw-hidden-catlinks mw-hidden-cats-hidden">Hidden categories: <ul><li><a href="/wiki/Category:Coordinates_on_Wikidata" title="Category:Coordinates on Wikidata">Coordinates on Wikidata</a></li><li><a href="/wiki/Category:Commons_category_template_with_no_category_set" title="Category:Commons category template with no category set">Commons category template with no category set</a></li><li><a href="/wiki/Category:Commons_category_with_page_title_same_as_on_Wikidata" title="Category:Commons category with page title same as on Wikidata">Commons category with page title same as on Wikidata</a></li><li><a href="/wiki/Category:All_stub_articles" title="Category:All stub articles">All stub articles</a></li></ul></div></div>				<div class="visualClear"></div>
							</div>
		</div>
		<div id="mw-navigation">
			<h2>Navigation menu</h2>

			<div id="mw-head">
									<div id="p-personal" role="navigation" class="" aria-labelledby="p-personal-label">
						<h3 id="p-personal-label">Personal tools</h3>
						<ul>
							<li id="pt-createaccount"><a href="/w/index.php?title=Special:UserLogin&amp;returnto=Le+Mesnil-V%C3%A9neron&amp;type=signup" title="You are encouraged to create an account and log in; however, it is not mandatory">Create account</a></li><li id="pt-login"><a href="/w/index.php?title=Special:UserLogin&amp;returnto=Le+Mesnil-V%C3%A9neron" title="You're encouraged to log in; however, it's not mandatory. [o]" accesskey="o">Log in</a></li>						</ul>
					</div>
									<div id="left-navigation">
										<div id="p-namespaces" role="navigation" class="vectorTabs" aria-labelledby="p-namespaces-label">
						<h3 id="p-namespaces-label">Namespaces</h3>
						<ul>
															<li  id="ca-nstab-main" class="selected"><span><a href="/wiki/Le_Mesnil-V%C3%A9neron"  title="View the content page [c]" accesskey="c">Article</a></span></li>
															<li  id="ca-talk"><span><a href="/wiki/Talk:Le_Mesnil-V%C3%A9neron"  title="Discussion about the content page [t]" accesskey="t" rel="discussion">Talk</a></span></li>
													</ul>
					</div>
										<div id="p-variants" role="navigation" class="vectorMenu emptyPortlet" aria-labelledby="p-variants-label">
												<h3 id="p-variants-label">
							<span>Variants</span><a href="#"></a>
						</h3>

						<div class="menu">
							<ul>
															</ul>
						</div>
					</div>
									</div>
				<div id="right-navigation">
										<div id="p-views" role="navigation" class="vectorTabs" aria-labelledby="p-views-label">
						<h3 id="p-views-label">Views</h3>
						<ul>
															<li id="ca-view" class="selected"><span><a href="/wiki/Le_Mesnil-V%C3%A9neron" >Read</a></span></li>
															<li id="ca-edit"><span><a href="/w/index.php?title=Le_Mesnil-V%C3%A9neron&amp;action=edit"  title="Edit this page [e]" accesskey="e">Edit</a></span></li>
															<li id="ca-history" class="collapsible"><span><a href="/w/index.php?title=Le_Mesnil-V%C3%A9neron&amp;action=history"  title="Past versions of this page [h]" accesskey="h">View history</a></span></li>
													</ul>
					</div>
										<div id="p-cactions" role="navigation" class="vectorMenu emptyPortlet" aria-labelledby="p-cactions-label">
						<h3 id="p-cactions-label"><span>More</span><a href="#"></a></h3>

						<div class="menu">
							<ul>
															</ul>
						</div>
					</div>
										<div id="p-search" role="search">
						<h3>
							<label for="searchInput">Search</label>
						</h3>

						<form action="/w/index.php" id="searchform">
							<div id="simpleSearch">
							<input type="search" name="search" placeholder="Search" title="Search Wikipedia [f]" accesskey="f" id="searchInput" /><input type="hidden" value="Special:Search" name="title" /><input type="submit" name="fulltext" value="Search" title="Search Wikipedia for this text" id="mw-searchButton" class="searchButton mw-fallbackSearchButton" /><input type="submit" name="go" value="Go" title="Go to a page with this exact name if one exists" id="searchButton" class="searchButton" />							</div>
						</form>
					</div>
									</div>
			</div>
			<div id="mw-panel">
				<div id="p-logo" role="banner"><a class="mw-wiki-logo" href="/wiki/Main_Page"  title="Visit the main page"></a></div>
						<div class="portal" role="navigation" id='p-navigation' aria-labelledby='p-navigation-label'>
			<h3 id='p-navigation-label'>Navigation</h3>

			<div class="body">
									<ul>
						<li id="n-mainpage-description"><a href="/wiki/Main_Page" title="Visit the main page [z]" accesskey="z">Main page</a></li><li id="n-contents"><a href="/wiki/Portal:Contents" title="Guides to browsing Wikipedia">Contents</a></li><li id="n-featuredcontent"><a href="/wiki/Portal:Featured_content" title="Featured content – the best of Wikipedia">Featured content</a></li><li id="n-currentevents"><a href="/wiki/Portal:Current_events" title="Find background information on current events">Current events</a></li><li id="n-randompage"><a href="/wiki/Special:Random" title="Load a random article [x]" accesskey="x">Random article</a></li><li id="n-sitesupport"><a href="https://donate.wikimedia.org/wiki/Special:FundraiserRedirector?utm_source=donate&amp;utm_medium=sidebar&amp;utm_campaign=C13_en.wikipedia.org&amp;uselang=en" title="Support us">Donate to Wikipedia</a></li><li id="n-shoplink"><a href="//shop.wikimedia.org" title="Visit the Wikimedia Shop">Wikipedia store</a></li>					</ul>
							</div>
		</div>
			<div class="portal" role="navigation" id='p-interaction' aria-labelledby='p-interaction-label'>
			<h3 id='p-interaction-label'>Interaction</h3>

			<div class="body">
									<ul>
						<li id="n-help"><a href="/wiki/Help:Contents" title="Guidance on how to use and edit Wikipedia">Help</a></li><li id="n-aboutsite"><a href="/wiki/Wikipedia:About" title="Find out about Wikipedia">About Wikipedia</a></li><li id="n-portal"><a href="/wiki/Wikipedia:Community_portal" title="About the project, what you can do, where to find things">Community portal</a></li><li id="n-recentchanges"><a href="/wiki/Special:RecentChanges" title="A list of recent changes in the wiki [r]" accesskey="r">Recent changes</a></li><li id="n-contactpage"><a href="//en.wikipedia.org/wiki/Wikipedia:Contact_us">Contact page</a></li>					</ul>
							</div>
		</div>
			<div class="portal" role="navigation" id='p-tb' aria-labelledby='p-tb-label'>
			<h3 id='p-tb-label'>Tools</h3>

			<div class="body">
									<ul>
						<li id="t-whatlinkshere"><a href="/wiki/Special:WhatLinksHere/Le_Mesnil-V%C3%A9neron" title="List of all English Wikipedia pages containing links to this page [j]" accesskey="j">What links here</a></li><li id="t-recentchangeslinked"><a href="/wiki/Special:RecentChangesLinked/Le_Mesnil-V%C3%A9neron" title="Recent changes in pages linked from this page [k]" accesskey="k">Related changes</a></li><li id="t-upload"><a href="/wiki/Wikipedia:File_Upload_Wizard" title="Upload files [u]" accesskey="u">Upload file</a></li><li id="t-specialpages"><a href="/wiki/Special:SpecialPages" title="A list of all special pages [q]" accesskey="q">Special pages</a></li><li id="t-permalink"><a href="/w/index.php?title=Le_Mesnil-V%C3%A9neron&amp;oldid=649207855" title="Permanent link to this revision of the page">Permanent link</a></li><li id="t-info"><a href="/w/index.php?title=Le_Mesnil-V%C3%A9neron&amp;action=info" title="More information about this page">Page information</a></li><li id="t-wikibase"><a href="//www.wikidata.org/wiki/Q1103120" title="Link to connected data repository item [g]" accesskey="g">Wikidata item</a></li><li id="t-cite"><a href="/w/index.php?title=Special:CiteThisPage&amp;page=Le_Mesnil-V%C3%A9neron&amp;id=649207855" title="Information on how to cite this page">Cite this page</a></li>					</ul>
							</div>
		</div>
			<div class="portal" role="navigation" id='p-coll-print_export' aria-labelledby='p-coll-print_export-label'>
			<h3 id='p-coll-print_export-label'>Print/export</h3>

			<div class="body">
									<ul>
						<li id="coll-create_a_book"><a href="/w/index.php?title=Special:Book&amp;bookcmd=book_creator&amp;referer=Le+Mesnil-V%C3%A9neron">Create a book</a></li><li id="coll-download-as-rdf2latex"><a href="/w/index.php?title=Special:Book&amp;bookcmd=render_article&amp;arttitle=Le+Mesnil-V%C3%A9neron&amp;oldid=649207855&amp;writer=rdf2latex">Download as PDF</a></li><li id="t-print"><a href="/w/index.php?title=Le_Mesnil-V%C3%A9neron&amp;printable=yes" title="Printable version of this page [p]" accesskey="p">Printable version</a></li>					</ul>
							</div>
		</div>
			<div class="portal" role="navigation" id='p-lang' aria-labelledby='p-lang-label'>
			<h3 id='p-lang-label'>Languages</h3>

			<div class="body">
									<ul>
						<li class="interlanguage-link interwiki-ca"><a href="//ca.wikipedia.org/wiki/Le_Mesnil-V%C3%A9neron" title="Le Mesnil-Véneron – Catalan" lang="ca" hreflang="ca">Català</a></li><li class="interlanguage-link interwiki-ceb"><a href="//ceb.wikipedia.org/wiki/Le_Mesnil-V%C3%A9neron" title="Le Mesnil-Véneron – Cebuano" lang="ceb" hreflang="ceb">Cebuano</a></li><li class="interlanguage-link interwiki-es"><a href="//es.wikipedia.org/wiki/Le_Mesnil-V%C3%A9neron" title="Le Mesnil-Véneron – Spanish" lang="es" hreflang="es">Español</a></li><li class="interlanguage-link interwiki-eu"><a href="//eu.wikipedia.org/wiki/Le_Mesnil-V%C3%A9neron" title="Le Mesnil-Véneron – Basque" lang="eu" hreflang="eu">Euskara</a></li><li class="interlanguage-link interwiki-fr"><a href="//fr.wikipedia.org/wiki/Le_Mesnil-V%C3%A9neron" title="Le Mesnil-Véneron – French" lang="fr" hreflang="fr">Français</a></li><li class="interlanguage-link interwiki-it"><a href="//it.wikipedia.org/wiki/Le_Mesnil-V%C3%A9neron" title="Le Mesnil-Véneron – Italian" lang="it" hreflang="it">Italiano</a></li><li class="interlanguage-link interwiki-kk"><a href="//kk.wikipedia.org/wiki/%D0%9B%D0%B5-%D0%9C%D0%B5%D0%BD%D0%B8-%D0%92%D0%B5%D0%BD%D0%B5%D1%80%D0%BE%D0%BD" title="Ле-Мени-Венерон – Kazakh" lang="kk" hreflang="kk">Қазақша</a></li><li class="interlanguage-link interwiki-la"><a href="//la.wikipedia.org/wiki/Le_Mesnil-V%C3%A9neron" title="Le Mesnil-Véneron – Latin" lang="la" hreflang="la">Latina</a></li><li class="interlanguage-link interwiki-ms"><a href="//ms.wikipedia.org/wiki/Le_Mesnil-V%C3%A9neron" title="Le Mesnil-Véneron – Malay" lang="ms" hreflang="ms">Bahasa Melayu</a></li><li class="interlanguage-link interwiki-nl"><a href="//nl.wikipedia.org/wiki/Le_Mesnil-V%C3%A9neron" title="Le Mesnil-Véneron – Dutch" lang="nl" hreflang="nl">Nederlands</a></li><li class="interlanguage-link interwiki-oc"><a href="//oc.wikipedia.org/wiki/Le_Mesnil-V%C3%A9neron" title="Le Mesnil-Véneron – Occitan" lang="oc" hreflang="oc">Occitan</a></li><li class="interlanguage-link interwiki-uz"><a href="//uz.wikipedia.org/wiki/Le_Mesnil-V%C3%A9neron" title="Le Mesnil-Véneron – Uzbek" lang="uz" hreflang="uz">Oʻzbekcha/ўзбекча</a></li><li class="interlanguage-link interwiki-pms"><a href="//pms.wikipedia.org/wiki/Le_Mesnil-V%C3%A9neron" title="Le Mesnil-Véneron – Piedmontese" lang="pms" hreflang="pms">Piemontèis</a></li><li class="interlanguage-link interwiki-pl"><a href="//pl.wikipedia.org/wiki/Le_Mesnil-V%C3%A9neron" title="Le Mesnil-Véneron – Polish" lang="pl" hreflang="pl">Polski</a></li><li class="interlanguage-link interwiki-pt"><a href="//pt.wikipedia.org/wiki/Le_Mesnil-V%C3%A9neron" title="Le Mesnil-Véneron – Portuguese" lang="pt" hreflang="pt">Português</a></li><li class="interlanguage-link interwiki-ro"><a href="//ro.wikipedia.org/wiki/Le_Mesnil-V%C3%A9neron" title="Le Mesnil-Véneron – Romanian" lang="ro" hreflang="ro">Română</a></li><li class="interlanguage-link interwiki-sk"><a href="//sk.wikipedia.org/wiki/Le_Mesnil-V%C3%A9neron" title="Le Mesnil-Véneron – Slovak" lang="sk" hreflang="sk">Slovenčina</a></li><li class="interlanguage-link interwiki-sv"><a href="//sv.wikipedia.org/wiki/Le_Mesnil-V%C3%A9neron" title="Le Mesnil-Véneron – Swedish" lang="sv" hreflang="sv">Svenska</a></li><li class="interlanguage-link interwiki-bug"><a href="//bug.wikipedia.org/wiki/Le_Mesnil-V%C3%A9neron" title="Le Mesnil-Véneron – Buginese" lang="bug" hreflang="bug">ᨅᨔ ᨕᨘᨁᨗ</a></li><li class="interlanguage-link interwiki-uk"><a href="//uk.wikipedia.org/wiki/%D0%9B%D0%B5-%D0%9C%D0%B5%D0%BD%D1%96-%D0%92%D0%B5%D0%BD%D0%B5%D1%80%D0%BE%D0%BD" title="Ле-Мені-Венерон – Ukrainian" lang="uk" hreflang="uk">Українська</a></li><li class="interlanguage-link interwiki-vi"><a href="//vi.wikipedia.org/wiki/Le_Mesnil-V%C3%A9neron" title="Le Mesnil-Véneron – Vietnamese" lang="vi" hreflang="vi">Tiếng Việt</a></li><li class="interlanguage-link interwiki-vo"><a href="//vo.wikipedia.org/wiki/Le_Mesnil-V%C3%A9neron" title="Le Mesnil-Véneron – Volapük" lang="vo" hreflang="vo">Volapük</a></li><li class="interlanguage-link interwiki-war"><a href="//war.wikipedia.org/wiki/Le_Mesnil-V%C3%A9neron" title="Le Mesnil-Véneron – Waray" lang="war" hreflang="war">Winaray</a></li><li class="interlanguage-link interwiki-zh"><a href="//zh.wikipedia.org/wiki/%E5%8B%92%E6%A2%85%E6%96%AF%E5%B0%BC%E9%9F%A6%E7%BA%B3%E9%BE%99" title="勒梅斯尼韦纳龙 – Chinese" lang="zh" hreflang="zh">中文</a></li><li class="uls-p-lang-dummy"><a href="#"></a></li>					</ul>
				<div class='after-portlet after-portlet-lang'><span class="wb-langlinks-edit wb-langlinks-link"><a href="//www.wikidata.org/wiki/Q1103120#sitelinks-wikipedia" title="Edit interlanguage links" class="wbc-editpage">Edit links</a></span></div>			</div>
		</div>
				</div>
		</div>
		<div id="footer" role="contentinfo">
							<ul id="footer-info">
											<li id="footer-info-lastmod"> This page was last modified on 28 February 2015, at 09:37.</li>
											<li id="footer-info-copyright">Text is available under the <a rel="license" href="//en.wikipedia.org/wiki/Wikipedia:Text_of_Creative_Commons_Attribution-ShareAlike_3.0_Unported_License">Creative Commons Attribution-ShareAlike License</a><a rel="license" href="//creativecommons.org/licenses/by-sa/3.0/" style="display:none;"></a>;
additional terms may apply.  By using this site, you agree to the <a href="//wikimediafoundation.org/wiki/Terms_of_Use">Terms of Use</a> and <a href="//wikimediafoundation.org/wiki/Privacy_policy">Privacy Policy</a>. Wikipedia® is a registered trademark of the <a href="//www.wikimediafoundation.org/">Wikimedia Foundation, Inc.</a>, a non-profit organization.</li>
									</ul>
							<ul id="footer-places">
											<li id="footer-places-privacy"><a href="//wikimediafoundation.org/wiki/Privacy_policy" title="wikimedia:Privacy policy">Privacy policy</a></li>
											<li id="footer-places-about"><a href="/wiki/Wikipedia:About" title="Wikipedia:About">About Wikipedia</a></li>
											<li id="footer-places-disclaimer"><a href="/wiki/Wikipedia:General_disclaimer" title="Wikipedia:General disclaimer">Disclaimers</a></li>
											<li id="footer-places-contact"><a href="//en.wikipedia.org/wiki/Wikipedia:Contact_us">Contact Wikipedia</a></li>
											<li id="footer-places-developers"><a href="https://www.mediawiki.org/wiki/Special:MyLanguage/How_to_contribute">Developers</a></li>
											<li id="footer-places-mobileview"><a href="//en.m.wikipedia.org/w/index.php?title=Le_Mesnil-V%C3%A9neron&amp;mobileaction=toggle_view_mobile" class="noprint stopMobileRedirectToggle">Mobile view</a></li>
									</ul>
										<ul id="footer-icons" class="noprint">
											<li id="footer-copyrightico">
							<a href="//wikimediafoundation.org/"><img src="/static/images/wikimedia-button.png" srcset="/static/images/wikimedia-button-1.5x.png 1.5x, /static/images/wikimedia-button-2x.png 2x" width="88" height="31" alt="Wikimedia Foundation"/></a>						</li>
											<li id="footer-poweredbyico">
							<a href="//www.mediawiki.org/"><img src="//en.wikipedia.org/static/1.26wmf13/resources/assets/poweredby_mediawiki_88x31.png" alt="Powered by MediaWiki" srcset="//en.wikipedia.org/static/1.26wmf13/resources/assets/poweredby_mediawiki_132x47.png 1.5x, //en.wikipedia.org/static/1.26wmf13/resources/assets/poweredby_mediawiki_176x62.png 2x" width="88" height="31" /></a>						</li>
									</ul>
						<div style="clear:both"></div>
		</div>
		<script>if(window.jQuery)jQuery.ready();</script><script>if(window.mw){
mw.loader.state({"ext.globalCssJs.site":"ready","ext.globalCssJs.user":"ready","site":"loading","user":"ready","user.groups":"ready"});
}</script>
<link rel="stylesheet" href="//en.wikipedia.org/w/load.php?debug=false&amp;lang=en&amp;modules=ext.gadget.DRN-wizard%2CReferenceTooltips%2CWatchlistGreenIndicators%2Ccharinsert%2Cfeatured-articles-links%2CrefToolbar%2Cswitcher%2Cteahouse%7Cext.wikimediaBadges&amp;only=styles&amp;skin=vector&amp;*" />
<script>if(window.mw){
mw.loader.load(["mediawiki.action.view.postEdit","mediawiki.user","mediawiki.hidpi","mediawiki.page.ready","mediawiki.searchSuggest","ext.cirrusSearch.loggingSchema","mmv.bootstrap.autostart","ext.imageMetrics.loader","ext.eventLogging.subscriber","ext.wikimediaEvents","ext.wikimediaEvents.statsd","ext.navigationTiming","ext.gadget.teahouse","ext.gadget.ReferenceTooltips","ext.gadget.WatchlistGreenIndicators","ext.gadget.DRN-wizard","ext.gadget.charinsert","ext.gadget.refToolbar","ext.gadget.switcher","ext.gadget.featured-articles-links","ext.visualEditor.targetLoader","schema.UniversalLanguageSelector","ext.uls.eventlogger","ext.uls.interlanguage"],null,true);
}</script>
<script>if(window.mw){
document.write("\u003Cscript src=\"//en.wikipedia.org/w/load.php?debug=false\u0026amp;lang=en\u0026amp;modules=site\u0026amp;only=scripts\u0026amp;skin=vector\u0026amp;*\"\u003E\u003C/script\u003E");
}</script>
<script>if(window.mw){
mw.config.set({"wgBackendResponseTime":112,"wgHostname":"mw1038"});
}</script>
	</body>
</html>
